"waterbody","date","dateNUTR","year","town","latitude","longitude","state","data_source","mult_survey","off_season","surfacearea_ha","surfaceaarea_sqm","perimeter_m","shoreline_development","depth_max_m","depth_avg_m","forested_shoreline_prop","inflow","outflow","FP_presence","FPcover_avg","FPcover_low_est","FPcover_max","FPcover_min","azolla","eichhornia_crassipes","lemna_minor","lemna_trisulca","lemna_valdiviana","riccia","spirodela_polyrhiza","wolffia","wolffia_borealis","wolffia_brasiliensis","allplant_species_richness","FP_species_richness","nonFP_species_richness","regime","azolla_cover_prop","lminor_cover_prop","lvaldiviana_cover_prop","ltrisulca_cover_prop","riccia_cover_prop","spolyrhiza_cover_prop","wolffia_cover_prop","wbrasiliensis_cover_prop","wborealis_cover_prop","TOTP_n","TOTP_avg","TOTP_SE","PO4_n","PO4_avg","PO4_SE","TOTN_n","TOTN_avg","TOTN_SE","NO3_n","NO3_avg","NO3_SE","NH4_n","NH4_avg","NH4_SE","totNtotP_n","totNtotP_avg","totNtotP_SE","PH_n","PH_avg","PH_SE","COND_n","COND_avg","COND_SE","DO_n","DO_avg","DO_SE","TEMP_n","TEMP_avg","TEMP_SE","ALK_n","ALK_avg","ALK_SE","secchi_n","secchi_avg","secchi_SE","notes","alisma","alisma_subcordatum","brasenia","cabomba","callitriche","callitriche_verna","callitriche_hetero","callitriche_stag","cardamine","ceratophyllum_dem","ceratophyllum_echin","charphyte","decodon","egeria","elatine","elatine_ameri","elatine_minima","elatine_triandra","eleocharis","eleocharis_acic","eleocharis_ellip","ellocharis_parv","elodea_canad","elodea_nutt","eriocaulon_aqua","fil_algae","glossostigma","gratiola","hydrilla","isoetes","isoetes_acad","isoetes_eaton","isoetes_echino","isoetes_engel","isoetes_lacus","isoetes_tuck","juncus","juncus_pelo","lobelia","ludwigia","ludwigia_dub","ludwigia_lac","ludwigia_pal","marsilea","megalodonta","myosotis","myriophyllum","myriophyllum_alt","myriophyllum_aqua","myriophyllum_hetero","myriophyllum_hetero_lax","myriophyllum_hum","myriophyllum_ten","myriophyllum_sibi","myriophyllum_spic","najas_flex","najas_grac","najas_guad","najas_minor","nasturtium","nelumbo","nuphar","nymphaea_odor","nymphaea_odor_odor","nymphaea_odor_tuber","nymphoides","nymphoides_cordata","nymphoides_pelt","peltandra","phragmites","polygonum","polygonum_amphi","polygonum_hydro","pontederia","potamogeton","potamogeton_ampli","potamogeton_berch","potamogeton_biculp","potamogeton_conferv","potamogeton_crispus","potamogeton_epi","potamogeton_foli","potamogeton_frie","potamogeton_grami","potamogeton_ilino","potamogeton_ilino_hybrid","potamogeton_natans","potamogeton_nodos","potamogeton_oakes","potamogeton_palus","potamogeton_perfo","potamogeton_pulch","potamogeton_pusil","potamogeton_prael","potamogeton_rich","potamogeton_robb","potamogeton_spir","potamogeton_vase","potamogeton_zost","proserpinaca","ranunculus","sagittaria","sagittaria_gram","sagittaria_lati","schoenoplectus","sparganium","sparganium_ameri","stuckenia","trapa","typha","typha_latif","sedge","utricularia","utricularia_gemi","utricularia_gibb","utricularia_inter","utricularia_macro","utricularia_mini","utricularia_mino","utricularia_purp","utricularia_radi","utricularia_subu","utricularia_vulg","vallisneria","zannichellia","zosterella"
"116 Old Field Road Pond","combined","3/6/2012","comb","Old Field",40.9624,73.1285,"NY","MJM","Y","N",0.4,3968,231.99,1.039,1,NA,0.9551,0,0,"Y",1,1,1,1,0,0,1,0,0,0,0,0,0,1,2,2,0,"FP",0,0.91353,0,0,0,0,0,0.07435,0,4,0.38664,0.02331,3,2.2687,0.42656,4,0.93713,0.37824,3,0.0607,0.01976,3,0.19761,0.04654,NA,"2.4238",NA,4,6.515208333,0.239004101,4,116.4416667,39.21959633,3,10.43333333,6.463773694,3,19.8,5.001370183,NA,NA,NA,NA,NA,NA,"",0,0,0,0,0,0,0,0,0,0,0,0,0,0,0,0,0,0,0,0,0,0,0,0,0,1,0,0,0,0,0,0,0,0,0,0,0,0,0,0,0,0,0,0,0,0,0,0,0,0,0,0,0,0,0,0,0,0,0,0,0,0,0,0,0,0,0,0,0,0,0,0,0,0,0,0,0,0,0,0,0,0,0,0,0,0,0,0,0,0,0,0,0,0,0,0,0,0,0,0,0,0,0,0,0,0,0,0,0,0,0,0,0,0,0,0,0,0,0,0,0,0,0,0,0,0
"Angus Park Pond","8/4/2005","8/4/2005","2005","Glastonbury",41.693,72.5318,"CT","CAES","N","N",3.8,37603.035,1081.61,1.573,1.2,NA,0.8306,1,0,"Y",0.1857,0.2616,0.2616,0.1099,0,0,1,0,0,0,1,0,0,0,12,2,10,"SAV",0,0.10987,0,0,0,0,0,0,0,2,0.039,0.019,NA,NA,NA,NA,NA,NA,NA,NA,NA,NA,NA,NA,NA,"",NA,2,6.2,0,2,126.5,2.5,1,6.6,NA,1,23.9,NA,2,30.75,0,1,1.2,NA,"",0,0,0,0,0,0,1,0,0,0,1,0,0,0,0,0,0,0,0,0,0,0,0,1,0,0,0,1,0,0,0,0,0,0,0,0,0,0,0,0,0,0,1,0,0,0,0,0,0,0,0,0,0,0,0,0,0,0,0,0,0,1,1,0,0,0,0,0,0,0,0,0,0,0,0,0,0,0,0,0,1,0,0,0,0,0,0,0,0,0,0,0,0,0,0,0,0,0,0,0,1,0,0,0,0,1,0,0,0,0,0,0,0,0,0,0,0,0,0,0,0,0,0,0,0,0
"Anni's Pond (Kleman's Dam)","6/20/2011","6/20/2011","2011","Bethany",41.4551,72.995,"CT","CAES","N","N",2.19,20327.33,653.71,1.293,3.5,NA,0.9541,0,0,"Y",0.0014,0.0014,0.0014,0.0014,0,0,1,0,0,0,0,0,0,0,19,1,18,"SAV",0,0.00142,0,0,0,0,0,0,0,2,0.0195,5e-04,NA,NA,NA,NA,NA,NA,NA,NA,NA,NA,NA,NA,NA,"",NA,2,5.95,0.05,2,129.5,3.5,1,5.2,NA,1,23.6,NA,2,131.25,3.75,1,2,NA,"",0,0,1,0,1,0,0,0,0,1,0,0,0,0,1,0,0,0,1,0,0,0,0,0,0,0,0,0,0,0,0,0,0,0,0,0,0,0,0,0,0,0,1,0,0,0,0,0,0,0,0,1,0,0,0,0,1,0,0,0,0,1,1,0,0,0,0,0,0,0,0,0,0,1,0,0,0,1,0,0,1,1,0,0,0,0,0,0,0,0,0,0,0,0,0,1,0,0,0,0,0,1,0,0,0,1,0,0,0,0,0,0,0,0,1,0,0,0,0,0,0,0,0,0,0,0
"Ball Pond","8/17/2005","8/17/2005","2005","New Fairfield",41.4626,73.5238,"CT","CAES","N","N",33.39,328870.947,2946.56,1.449,15.545,7.315,0.3011,1,0,"Y",0.005,0.005,0.005,0.005,0,0,1,0,0,0,0,0,0,0,10,1,9,"SAV",0,0.005,0,0,0,0,0,0,0,2,0.1845,0.1515,NA,NA,NA,NA,NA,NA,NA,NA,NA,NA,NA,NA,NA,"",NA,2,6.95,0.65,2,262.5,5.5,1,8.3,NA,1,27.2,NA,2,58.13,0.375,1,2,NA,"",0,0,0,0,0,0,0,0,0,1,0,0,0,0,0,0,0,0,0,0,0,0,0,0,0,0,0,0,0,0,0,0,0,0,0,0,0,0,0,0,0,0,0,0,0,0,0,0,0,0,0,0,0,0,1,0,0,1,1,0,0,1,1,0,0,0,0,0,0,0,0,0,0,0,0,0,0,0,0,0,0,0,0,1,0,0,0,0,1,0,0,0,1,0,0,0,0,0,0,0,0,0,0,0,0,0,0,0,0,0,0,0,0,0,0,0,0,0,0,0,0,0,0,0,0,0
"Beaver Pond","7/31/2013","7/31/2013","2013","Meriden",41.5686,72.7869,"CT","CAES","N","N",12.23,122332.15,1688.86,1.362,3,NA,NA,NA,NA,"Y",0.0024,0.0024,0.0024,0.0024,0,0,1,0,0,0,1,0,0,0,15,2,13,"SAV",0,0.001018538,0,0,0,0.001410995,0,0,0,2,0.0476,0.0364,NA,NA,NA,NA,NA,NA,NA,NA,NA,NA,NA,NA,NA,"",NA,2,7.5,1,2,318.5,57.5,1,10.8,NA,1,28,NA,2,89.25,27,2,NA,NA,"",0,0,0,0,0,0,0,0,0,1,0,0,1,0,0,0,0,0,0,0,0,0,1,1,0,0,0,0,0,0,0,0,0,0,0,0,0,0,0,0,0,0,0,0,0,0,0,0,0,0,0,0,0,0,1,0,0,0,0,0,0,1,1,0,0,0,0,0,0,0,0,0,0,1,0,1,0,0,0,0,0,0,0,0,0,0,0,0,0,0,0,0,1,0,0,1,0,0,0,0,0,0,0,0,0,0,0,0,0,1,0,0,0,0,0,0,0,0,0,0,0,0,0,0,0,1
"Beeslick Lake","6/27/2012","6/27/2012","2012","Salisbury",41.9242,73.4341,"CT","CAES","N","N",10.93,108348.833,1364.39,1.169,4.65,NA,0,1,0,"Y",6e-04,6e-04,6e-04,6e-04,0,0,1,0,0,0,1,0,0,0,13,2,11,"SAV",0,0.00027,0,0,0,9e-05,0,0.00027,0,NA,NA,NA,NA,NA,NA,NA,NA,NA,NA,NA,NA,NA,NA,NA,NA,"",NA,NA,NA,NA,NA,NA,NA,1,10.6,NA,1,25.5,NA,NA,NA,NA,1,1.3,NA,"",0,0,0,0,0,0,0,0,0,1,0,0,0,0,0,0,0,0,0,0,0,0,1,0,0,0,0,0,0,0,0,0,0,0,0,0,0,0,0,0,0,0,0,0,0,0,0,0,0,0,0,0,0,1,0,0,0,0,0,0,0,1,1,0,0,0,0,0,0,0,0,0,0,0,0,0,0,0,0,1,0,1,0,0,0,0,1,0,0,0,0,0,0,0,0,0,0,0,0,0,0,0,0,0,0,0,0,1,1,0,0,0,0,0,0,0,0,0,0,0,0,0,1,0,0,0
"Beseck Lake","combined","6/28/2011","comb","Middletown",41.3014,72.4317,"CT","CAES","Y","N",45.73,483590.92,3995.29,1.621,7.315,3.658,0.3336,NA,NA,"Y",4e-04,4e-04,4e-04,4e-04,0,0,1,0,0,0,0,1,0,0,22,2,20,"SAV",0,0.00021,0,0,0,0,0.00015,0,0,2,0.032,0.0085,NA,NA,NA,NA,NA,NA,NA,NA,NA,NA,NA,NA,NA,"",NA,2,7.25,0.15,2,125.75,8.25,2,0.05065,0.04915,2,25.1,0.6,2,44.25,6,2,2.75,0.25,"",0,0,0,0,1,0,0,0,0,1,0,0,0,0,0,0,1,1,0,0,0,0,0,1,0,0,0,0,0,0,0,0,0,0,0,0,0,0,0,0,0,0,0,0,0,0,0,0,0,0,0,0,0,0,1,1,1,0,1,0,0,0,0,0,0,0,0,0,0,0,0,0,0,0,0,0,1,1,0,1,0,0,0,0,0,0,0,0,0,0,1,0,1,0,0,0,0,1,1,0,0,1,0,0,0,1,0,0,0,0,0,0,0,0,0,0,0,0,0,0,0,0,0,1,1,0
"Betty Allen Twin Pond","combined","2/28/2012","comb","Northport",40.8842,73.3612,"NY","MJM","Y","N",0.59,5851.077,322.17,1.188,1.524,NA,1,1,1,"Y",0.3781,0.3781,0.813,0.0911,0,0,1,0,0,0,1,0,0,1,3,3,0,"shift",0,0.07154,0,0,0,0.00881,0,0.23633,0,4,0.01972,9e-04,5,0.03711,0.012160898,4,1.16005,0.23148,5,1.18322,0.311130923,5,0.06006,0.010672627,NA,"58.8155",NA,5,7.25,0.177089314,5,218.2,5.406824391,4,7.13125,1.811346616,4,25.3375,2.159776705,NA,NA,NA,NA,NA,NA,"",0,0,0,0,0,0,0,0,0,0,0,0,0,0,0,0,0,0,0,0,0,0,0,0,0,0,0,0,0,0,0,0,0,0,0,0,0,0,0,0,0,0,0,0,0,0,0,0,0,0,0,0,0,0,0,0,0,0,0,0,0,0,0,0,0,0,0,0,0,0,0,0,0,0,0,0,0,0,0,0,0,0,0,0,0,0,0,0,0,0,0,0,0,0,0,0,0,0,0,0,0,0,0,0,0,0,0,0,0,0,0,0,0,0,0,0,0,0,0,0,0,0,0,0,0,0
"Birch Pond","combined","7/13/2012","comb","Darien",41.0906,73.4637,"CT","CAES/MJM","Y","N",0.27,2674.888,205.48,1.121,1,NA,0.72,0,1,"Y",0.5548,0.1987,0.9109,0.1043,0,0,1,0,0,0,1,0,0,0,2,2,0,"shift",0,0.50759,0,0,0,0,0,0,0,3,0.18371,0.08868,NA,NA,NA,3,1.49679,0.46453,NA,NA,NA,NA,NA,NA,NA,"9.3139",NA,3,6.96778,0.89395,3,236.44444,32.73368,2,3.65,0.55,2,23.65,0.45,2,46.88,13.5,1,0.4,NA,"",0,0,0,0,0,0,0,0,0,0,0,0,0,0,0,0,0,0,0,0,0,0,0,0,0,0,0,0,0,0,0,0,0,0,0,0,0,0,0,0,0,0,0,0,0,0,0,0,0,0,0,0,0,0,0,0,0,0,0,0,0,0,0,0,0,0,0,0,0,0,0,0,0,0,0,0,0,0,0,0,0,0,0,0,0,0,0,0,0,0,0,0,0,0,0,0,0,0,0,0,0,0,0,0,0,0,0,0,0,0,0,0,0,0,0,0,0,0,0,0,0,0,0,0,0,0
"Bishops Pond (Research Parkway)","9/13/2013","9/13/2013","2013","Meriden",41.507549,72.766059,"CT","MJM","N","N",4.7394,47394,1104.5,1.431,1.5,NA,0.6299,0,1,"Y",0.3,0.3,0.3,0.3,0,0,1,0,0,0,0,0,0,1,11,2,9,"SAV",NA,NA,NA,NA,NA,NA,NA,NA,NA,1,0.03004,NA,NA,NA,NA,1,0.34927,NA,NA,NA,NA,NA,NA,NA,NA,"11.6261",NA,NA,NA,NA,1,496,NA,NA,NA,NA,NA,NA,NA,NA,NA,NA,NA,NA,NA,"Qualitative estimate of FP cover; no data on FP species % composition; used regression of nonFPrich ~ sa to estimate SAV richness",NA,NA,NA,NA,NA,NA,NA,NA,NA,NA,NA,NA,NA,NA,NA,NA,NA,NA,NA,NA,NA,NA,NA,NA,NA,NA,NA,NA,NA,NA,NA,NA,NA,NA,NA,NA,NA,NA,NA,NA,NA,NA,NA,NA,NA,NA,NA,NA,NA,NA,NA,NA,NA,NA,NA,NA,NA,NA,NA,NA,NA,NA,NA,NA,NA,NA,NA,NA,NA,NA,NA,NA,NA,NA,NA,NA,NA,NA,NA,NA,NA,NA,NA,NA,NA,NA,NA,NA,NA,NA,NA,NA,NA,NA,NA,NA,NA,NA,NA,NA,NA,NA,NA,NA,NA,NA,NA,NA,NA,NA,NA,NA,NA,NA,NA,NA,NA,NA,NA,NA,NA,NA,NA,NA,NA,NA
"Blissville Pond","9/30/2005","9/30/2005","2005","Lisbon",41.5637,72.0378,"CT","CAES","N","N",11.9,118894.865,2538.87,2.077,1.7,NA,0.8342,NA,NA,"Y",0.001,0.001,0.001,0.001,0,0,1,0,0,0,0,0,0,1,17,2,15,"SAV",0,0.00056,0,0,0,0,0,0.00043,0,2,0.057,0.053,NA,NA,NA,NA,NA,NA,NA,NA,NA,NA,NA,NA,NA,"",NA,2,5.5,0.1,2,104.5,1.5,1,7.6,NA,1,18.2,NA,2,12.75,2.25,1,1.7,NA,"",0,0,1,0,0,0,0,0,0,1,0,0,0,0,0,0,0,0,0,1,0,0,0,1,0,0,0,1,0,0,0,0,0,0,0,0,0,0,0,0,0,0,1,0,0,0,0,0,0,1,0,0,0,0,0,0,0,0,0,0,0,1,1,0,0,0,0,0,0,0,0,1,0,0,0,0,0,1,0,0,0,0,0,0,0,0,0,0,0,0,0,1,0,0,0,0,0,0,0,0,0,1,0,0,0,0,0,0,0,0,0,0,0,0,1,0,0,0,0,0,0,0,1,0,0,0
"Blydenburgh Lake","combined","3/5/2012","comb","Smithtown",40.8402,73.2249,"NY","MJM","Y","N",40.67,406271.38,7487.47,3.314,2.438,NA,1,NA,NA,"Y",0.0292,0.05,0.05,0.0146,0,0,1,0,0,0,1,0,0,1,6,3,3,"SAV",0,0.00791,0,0,0,0.00035,0,0.01049,0,4,0.02095,0.00068,3,0.039092274,0.018935082,3,0.7674,0.07384,3,0.521089685,0.160364381,3,0.05401916,0.03148091,NA,"36.6331",NA,3,7.591666667,0.710739541,3,177.975,50.98500392,2,9,1.1,2,28.125,1.75,NA,NA,NA,NA,NA,NA,"",0,0,0,0,0,0,0,0,0,1,0,0,0,0,0,0,0,0,0,0,0,0,0,0,0,1,0,0,1,0,0,0,0,0,0,0,0,0,0,0,0,0,0,0,0,0,0,0,0,0,0,0,0,0,0,0,0,0,0,0,0,0,0,0,0,0,0,0,0,0,0,0,0,0,0,0,0,0,0,0,0,0,0,0,0,0,0,0,0,0,0,0,0,0,0,0,0,0,0,0,0,0,0,0,0,0,0,0,0,0,0,0,1,0,0,0,0,0,0,0,0,0,0,0,0,0
"Bolton Notch Pond","10/4/2011","10/4/2011","2011","Bolton",41.7883,72.4536,"CT","CAES","N","N",8.5,93083.42,1505.06,1.456,1.5,NA,0.9603,NA,NA,"Y",0.0017,0.0017,0.0017,0.0017,0,0,1,0,0,0,1,1,0,0,24,3,21,"SAV",0,9e-05,0,0,0,0.00027,0.0013,0,0,2,0.0135,5e-04,NA,NA,NA,NA,NA,NA,NA,NA,NA,NA,NA,NA,NA,"",NA,2,5.65,0.05,2,413.5,101.5,1,3,NA,1,15.1,NA,2,16.9,1.9,1,1,NA,"",0,0,1,0,1,0,0,0,0,0,1,0,1,0,1,0,0,0,1,0,0,0,0,1,0,0,0,0,0,0,0,0,0,0,0,0,0,0,0,1,0,0,0,0,0,0,1,0,0,0,0,1,0,0,0,1,0,0,0,0,0,0,1,0,0,0,0,0,0,0,0,0,0,1,0,0,0,0,0,0,0,0,0,0,0,0,1,0,0,0,0,0,1,0,0,0,0,0,0,0,0,1,0,0,0,0,0,0,0,1,0,0,0,0,1,0,0,0,1,1,0,0,1,0,0,0
"Brandegea Lake","7/7/2011","7/7/2011","2011","Waterford",41.3719,72.122,"CT","CAES","N","N",11.94,102701.62,1944.25,1.587,3,NA,0.7529,NA,NA,"Y",0.0031,0.0031,0.0031,0.0031,0,0,1,0,0,0,1,0,0,0,18,2,16,"SAV",0,0.00131,0,0,0,0.00175,0,0,0,2,0.074,0.004,NA,NA,NA,NA,NA,NA,NA,NA,NA,NA,NA,NA,NA,"",NA,2,6.4,0.4,2,159,10,1,7.2,NA,1,29.8,NA,2,33,13.5,1,1.5,NA,"",0,0,1,1,0,0,0,0,0,0,1,0,0,0,0,0,0,0,1,0,0,0,0,1,0,0,0,0,0,0,0,0,0,0,0,0,0,0,0,0,0,0,0,0,0,0,0,0,0,0,0,1,0,0,0,1,0,0,0,0,0,1,1,0,0,0,0,0,0,0,0,1,0,1,0,0,0,1,0,0,1,0,0,0,0,0,0,0,0,0,0,0,0,0,0,0,0,0,0,0,0,0,0,0,0,0,0,0,0,1,0,0,0,0,1,0,0,0,0,0,1,0,0,0,0,0
"Branford Supply Pond (East)","combined","7/13/2012","comb","North Branford",41.2953,72.8017,"CT","CAES/MJM","Y","N",7.04,7036.742,1820.253,1.958,4,NA,0.7503,NA,NA,"Y",0.0161,0.0281,0.0281,0.0031,0,0,1,0,0,0,1,0,0,1,8,3,5,"SAV ",0,0.00063,0,0,0,0.0153,0,0.00016,0,3,0.0815,0.0601,NA,NA,NA,3,0.84146,0.10079,NA,NA,NA,NA,NA,NA,NA,"30.2352",NA,3,7.4356,0.4717,3,236.2778,15.01,2,4.15,0.55,2,29.0333,1.8667,2,90.75,167.5,1,1.5,NA,"",0,0,1,0,0,0,0,0,0,1,0,0,0,0,0,0,0,0,0,0,0,0,0,0,0,0,0,0,0,0,0,0,0,0,0,0,0,0,0,0,0,0,0,0,0,0,0,0,0,0,0,0,0,0,1,0,0,0,0,0,0,1,1,0,0,0,0,0,0,0,0,0,0,0,0,0,0,0,0,0,0,0,0,0,0,0,0,0,0,0,0,0,0,0,0,0,0,0,0,0,0,0,0,0,0,0,0,0,0,0,0,0,0,0,0,0,0,0,0,0,0,0,0,0,0,0
"Bunnels Pond","7/5/2011","7/5/2011","2011","Bridgeport",41.2074,73.1879,"CT","CAES","N","N",13.52,147162.93,3238.81,2.485,5,NA,0.4618,NA,NA,"Y",0.0105,0.0105,0.0105,0.0105,0,0,1,0,0,0,0,0,0,0,22,1,21,"SAV",0,0.01051,0,0,0,0,0,0,0,2,0.0175,0.0025,NA,NA,NA,NA,NA,NA,NA,NA,NA,NA,NA,NA,NA,"",NA,2,6.4,0.4,2,159,10,1,8.5,NA,1,24.2,NA,2,33,13.5,1,2,NA,"",1,0,0,0,1,0,0,0,0,1,1,0,0,0,0,0,0,0,1,0,0,0,0,1,0,0,0,0,0,0,0,0,0,0,0,0,0,0,0,0,0,0,0,1,0,0,0,0,0,0,0,0,0,0,1,0,0,1,1,0,0,1,0,0,0,0,0,0,0,0,0,1,0,1,0,1,0,0,0,1,1,0,0,0,0,0,0,0,0,0,0,0,1,0,0,0,0,0,0,0,0,1,0,0,0,1,0,0,0,1,0,0,0,0,0,0,0,0,0,0,0,0,0,1,0,0
"Canoe Brook Lake","combined","8/30/2012","comb","Trumbull",41.2513,73.239,"CT","CAES","Y","N",25.78,267898.52,4146.86,2.26,6,NA,0.8937,NA,NA,"Y",3e-04,3e-04,3e-04,3e-04,0,0,1,0,0,0,0,0,0,0,17,1,16,"SAV ",0,0.00028,0,0,0,0,0,0,0,2,0.0507,0.0422,NA,NA,NA,NA,NA,NA,NA,NA,NA,NA,NA,NA,NA,"",NA,2,6.75,0.2,2,153,9,2,7.35,2.35,2,24.6,0.6,2,27.1,22.4,2,3.05,0.55,"",1,0,0,0,1,0,0,0,0,0,0,0,0,0,1,0,0,0,1,0,0,0,0,1,0,0,0,1,0,1,0,0,0,0,0,0,0,0,0,1,0,0,0,0,0,0,0,0,0,0,0,1,0,0,0,1,0,0,1,0,0,0,0,0,0,0,0,0,0,0,0,0,0,0,0,0,0,1,0,0,1,0,0,0,0,0,0,0,0,0,0,0,1,0,0,0,0,0,0,0,0,1,0,0,0,0,0,0,0,0,0,0,0,0,0,0,0,0,0,0,0,0,0,1,0,0
"Cedar Pond","combined","7/13/2012","comb","North Branford",41.3206,72.7799,"CT","CAES/MJM","Y","N",8.82,86226.681,1349.051,1.281,5.3,NA,0.9174,NA,NA,"Y",5e-04,0.001,0.001,0,0,0,1,0,0,0,0,0,0,0,7,1,6,"SAV",0,0.00097,0,0,0,0,0,0,0,3,0.0245,0.0052,NA,NA,NA,2,0.79568,0.17854,NA,NA,NA,NA,NA,NA,NA,"26.6837",NA,3,7.2467,0.4954,3,284.5,32.6382,2,5.7,0.8,2,27.85,0.95,2,93.75,5.5,1,2.3,NA,"",0,0,0,0,0,0,0,0,0,1,0,0,0,0,0,0,0,0,0,0,0,0,0,1,0,0,0,0,0,0,0,0,0,0,0,0,0,0,0,0,0,0,0,0,0,0,0,0,0,0,0,0,0,0,0,0,0,0,0,0,0,1,1,0,0,0,0,0,0,0,0,0,0,0,0,0,0,0,0,0,0,1,0,0,0,0,0,0,0,0,0,0,0,0,0,0,0,0,0,0,0,0,0,0,0,0,0,0,0,0,0,0,0,0,0,0,0,0,0,0,0,0,0,0,0,1
"Chase Reservoir","8/8/2005","8/8/2005","2005","Killingly",41.8468,71.838,"CT","CAES","N","N",28.77,293733.271,3404.65,1.772,3,NA,0.9542,NA,NA,"Y",5e-04,5e-04,5e-04,5e-04,0,0,1,0,0,0,1,0,0,1,22,3,19,"SAV",0,0.00016,0,0,0,0.00022,0,1e-04,0,2,0.0215,0.0035,NA,NA,NA,NA,NA,NA,NA,NA,NA,NA,NA,NA,NA,"",NA,2,6.25,0.05,2,67.5,0.5,1,7.3,NA,1,28.1,NA,2,10.88,0.375,1,2.7,NA,"",0,0,1,0,0,0,0,0,0,0,0,1,0,0,0,0,1,0,1,0,0,0,0,0,1,0,1,1,0,0,0,0,0,0,0,1,0,1,0,0,0,0,0,0,0,0,0,0,0,0,0,0,0,0,0,1,0,0,0,0,0,1,1,0,0,0,0,0,0,0,0,1,0,0,0,0,0,0,0,0,0,0,0,0,0,0,0,0,0,0,1,0,0,0,0,0,0,0,0,0,0,1,0,0,0,1,0,0,0,0,0,0,0,0,0,0,0,0,0,1,0,0,1,1,0,0
"Crescent Lake","7/27/2005","7/27/2005","2005","Enfield",42.0252,72.5222,"CT","CAES","N","N",14.16,121355.319,2541.42,2.058,2.5,NA,0.6705,NA,NA,"Y",2e-04,2e-04,2e-04,2e-04,0,0,1,0,0,0,0,0,0,0,7,1,6,"SAV",0,0.00021,0,0,0,0,0,0,0,2,0.164,0.101,NA,NA,NA,NA,NA,NA,NA,NA,NA,NA,NA,NA,NA,"",NA,2,5.9,0.1,2,152.5,5.5,1,7.1,NA,1,32.4,NA,2,27,1.5,1,1,NA,"",0,0,0,0,0,0,0,0,0,0,0,0,0,0,0,0,0,0,0,1,0,0,0,0,0,0,0,1,0,0,0,0,0,0,0,0,0,0,0,0,0,0,0,0,0,0,0,0,0,0,0,0,0,0,0,1,0,0,1,0,0,0,1,0,0,0,0,0,0,0,0,0,0,0,0,0,0,0,0,0,0,1,0,0,0,0,0,0,0,0,0,0,0,0,0,0,0,0,0,0,0,0,0,0,0,0,0,0,0,0,0,0,0,0,0,0,0,0,0,0,0,0,0,0,0,0
"Crystal Lake (2)","7/22/2005","7/22/2005","2005","Old Saybrook",41.3011,72.414,"CT","CAES","N","N",2.23,22134.207,1038.66,1.969,1.2,NA,1,NA,NA,"Y",0.093,0.093,0.093,0.093,0,0,1,0,0,0,0,0,0,0,25,1,24,"SAV",0,0.09304,0,0,0,0,0,0,0,2,0.0425,0.0075,NA,NA,NA,NA,NA,NA,NA,NA,NA,NA,NA,NA,NA,"",NA,2,6.1,0.1,2,101.15,4.85,1,5.4,NA,1,24.8,NA,2,30.8,1.5,1,0.6,NA,"",0,0,1,0,0,0,0,0,0,0,1,0,0,0,0,0,1,0,0,1,0,0,0,1,1,0,0,1,0,0,0,0,0,1,0,0,0,0,1,0,0,0,0,0,0,0,0,0,0,1,0,0,0,0,0,1,0,0,0,0,0,1,1,0,0,0,0,0,0,0,0,0,0,1,0,0,0,1,0,0,1,0,0,0,0,0,0,0,0,0,0,0,1,0,0,1,0,0,0,0,0,1,0,0,0,1,0,0,0,0,0,0,0,0,1,0,0,0,0,1,1,0,0,0,0,0
"Crystal Lake (3)","8/25/2005","8/25/2005","2005","Ellington, Stafford",41.9361,72.3739,"CT","CAES","N","N",75.84,726566.341,4601.91,1.523,12,NA,0.3402,NA,NA,"Y",0.01,0.01,0.01,0.01,0,0,1,0,0,0,1,0,0,0,6,2,4,"SAV",0,0.005,0,0,0,0.005,0,0,0,2,0.055,0.034,NA,NA,NA,NA,NA,NA,NA,NA,NA,NA,NA,NA,NA,"",NA,2,7.05,0.15,2,147,40,1,6.78,NA,1,25.5,NA,2,60,0.75,1,2.9,NA,"",0,0,1,0,0,0,0,0,0,0,0,0,0,0,0,0,0,0,0,0,0,0,0,0,0,0,0,0,0,0,0,0,0,0,0,0,0,0,0,0,0,0,0,0,0,0,0,0,0,0,0,0,0,0,0,0,0,0,0,0,0,0,1,0,0,0,0,0,0,0,0,0,0,0,0,0,0,0,0,0,0,0,0,0,0,0,0,0,0,0,0,1,0,0,0,0,0,0,0,0,0,0,0,0,0,0,0,0,0,0,0,0,0,1,0,0,0,0,0,0,0,0,1,0,0,0
"Dayton Pond ","combined","7/13/2012","comb","Wallingford ",41.4076,72.8031,"CT","CAES/MJM","Y","N",2.67,27158.852,1546.388,2.669,2,NA,1,NA,NA,"Y",0.0153,0.0269,0.0269,0.0037,0,0,1,0,0,0,1,0,0,0,8,2,6,"SAV",0,0.01383,0,0,0,0.00145,0,0,0,3,0.0396,0.0148,NA,NA,NA,3,1.24104,0.25126,NA,NA,NA,NA,NA,NA,NA,"35.1625",NA,3,7.2533,0.3115,3,223.6667,13.7154,2,11.28333333,4.583333333,2,20.36666667,1.066666667,2,87.38,6,1,1.4,NA,"",0,0,0,0,0,0,0,0,0,1,0,0,0,0,0,0,0,0,0,0,0,0,0,1,0,0,0,0,0,0,0,0,0,0,0,0,0,0,0,0,0,0,0,0,0,0,0,0,0,0,0,0,0,0,1,0,0,0,0,0,0,0,0,0,0,0,0,0,0,0,0,0,0,0,0,0,0,0,0,0,0,1,0,0,0,0,0,1,0,0,1,0,0,0,0,0,0,0,0,0,0,0,0,0,0,0,0,0,0,0,0,0,0,0,0,0,0,0,0,0,0,0,0,0,0,0
"Dividend Pond, Lower","6/20/2012","6/20/2012","2012","Rocky Hill",41.6462,72.6326,"CT","CAES","N","N",0.53,4943.3,393.87,1.58,1,NA,1,NA,NA,"Y",0.0635,0.0635,0.0635,0.0635,0,0,1,0,0,0,0,0,0,0,3,1,2,"neither",0,0.0635,0,0,0,0,0,0,0,2,0.0521,0.0231,NA,NA,NA,NA,NA,NA,NA,NA,NA,NA,NA,NA,NA,"",NA,2,7.55,0.05,2,355.5,5.5,1,7,NA,1,19.3,NA,2,69.75,0.75,1,1,NA,"",0,0,0,0,0,0,0,0,0,1,0,0,0,0,0,0,0,0,0,0,0,0,0,1,0,0,0,0,0,0,0,0,0,0,0,0,0,0,0,0,0,0,0,0,0,0,0,0,0,0,0,0,0,0,0,0,0,0,0,0,0,0,0,0,0,0,0,0,0,0,0,0,0,0,0,0,0,0,0,0,0,0,0,0,0,0,0,0,0,0,0,0,0,0,0,0,0,0,0,0,0,0,0,0,0,0,0,0,0,0,0,0,0,0,0,0,0,0,0,0,0,0,0,0,0,0
"Dividend Pond, Upper","6/20/2012","6/20/2012","2012","Rocky Hill",41.6458,72.6343,"CT","CAES","N","N",2.35,22804.07,860.98,1.608,1,NA,0.7695,NA,NA,"Y",0.0292,0.0292,0.0292,0.0292,0,0,1,0,0,0,0,0,0,0,7,1,6,"SAV",0,0.0292,0,0,0,0,0,0,0,2,0.1733,0.1084,NA,NA,NA,NA,NA,NA,NA,NA,NA,NA,NA,NA,NA,"",NA,2,7.4,0,2,331,1,1,9.5,NA,1,17.9,NA,2,69.4,0.4,1,0.9,NA,"",0,0,0,0,0,0,0,0,0,0,0,0,0,0,0,0,0,0,0,0,0,0,0,1,0,0,0,0,0,0,0,0,0,0,0,0,0,0,0,1,0,0,0,0,0,0,0,0,0,0,0,0,0,0,0,0,0,0,0,0,0,0,1,0,0,0,0,0,0,0,0,0,0,0,0,0,0,0,0,1,0,0,0,0,0,0,0,0,0,0,0,0,0,0,0,0,0,0,0,0,0,1,0,0,0,0,0,0,0,1,0,0,0,0,0,0,0,0,0,0,0,0,0,0,0,0
"Doaneville Pond","7/7/2011","7/7/2011","2011","Griswold",41.5639,71.8731,"CT","CAES","N","N",27.68,273480.61,2890.44,1.559,2,NA,0.9293,NA,NA,"Y",2e-04,2e-04,2e-04,2e-04,0,0,1,0,0,0,1,1,0,0,21,3,18,"SAV",0,5e-05,0,0,0,8e-05,6e-05,0,0,2,0.0515,0.0015,NA,NA,NA,NA,NA,NA,NA,NA,NA,NA,NA,NA,NA,"",NA,2,6.05,0.05,2,58.1,3.4,1,6,NA,1,25.3,NA,2,6.7,0,1,1,NA,"",0,0,1,1,0,0,0,0,0,0,0,0,0,0,1,0,0,0,1,0,0,0,0,0,1,0,1,0,0,1,0,0,0,0,0,0,0,0,0,0,0,0,0,0,0,0,0,0,0,0,0,0,0,0,0,1,0,0,0,0,0,1,1,0,0,1,0,0,0,0,1,0,0,1,0,0,0,1,0,0,0,0,0,0,0,0,1,0,0,0,0,0,0,0,0,0,0,0,0,0,0,1,0,0,0,0,0,0,0,0,0,1,0,0,0,0,0,0,0,0,0,0,0,1,0,0
"Dunlop Pond (Unnamed Lake with Dam #3036)","9/1/2005","9/1/2005","2005","Darien",41.0792,73.4607,"CT","CAES","N","N",2.99,30079.171,882.2,1.435,4,NA,1,NA,NA,"Y",0.1859,0.2478,0.2478,0.1239,0,0,1,0,0,0,0,0,0,1,6,2,4,"SAV",0,0.06185,0,0,0,0,0,0.06205,0,2,0.0975,0.0095,NA,NA,NA,NA,NA,NA,NA,NA,NA,NA,NA,NA,NA,"",NA,2,6.6,0.2,2,487.5,112.5,1,5.5,NA,1,27.5,NA,2,73.5,16.5,1,1.4,NA,"",0,0,0,0,0,0,0,0,0,0,0,0,0,0,0,0,0,0,0,0,0,0,0,1,0,0,0,0,0,0,0,0,0,0,0,0,0,0,0,0,0,0,0,0,0,0,0,0,0,0,0,0,0,0,0,0,0,0,0,0,0,0,1,0,0,0,0,0,0,0,0,0,0,0,0,0,0,0,0,0,0,0,0,0,0,0,0,0,0,0,0,0,0,0,0,0,0,0,0,0,0,0,0,0,0,0,0,1,0,0,0,0,0,0,0,0,0,0,0,0,0,0,0,1,0,0
"Echo Lake","9/7/2005","9/7/2005","2005","Watertown",41.6014,73.0978,"CT","CAES","N","N",4.33,43197.645,1035.57,1.406,2,NA,0.8892,NA,NA,"Y",0.008,0.008,0.008,0.008,0,0,1,0,0,0,0,0,0,0,6,1,5,"SAV",0,0.00804,0,0,0,0,0,0,0,2,0.048,0.005,NA,NA,NA,NA,NA,NA,NA,NA,NA,NA,NA,NA,NA,"",NA,2,6.45,0.05,2,193.5,1.5,1,6.3,NA,1,24.1,NA,2,26.25,0.75,1,1.2,NA,"",0,0,0,0,1,0,0,0,0,0,0,0,0,0,0,0,0,0,0,0,0,0,0,1,0,0,0,0,0,0,0,0,0,0,0,0,0,0,0,0,0,0,0,0,0,0,0,0,0,0,0,0,0,0,0,0,0,0,1,0,0,0,0,0,0,0,0,0,0,0,0,0,0,0,0,0,0,1,0,0,1,0,0,0,0,0,0,0,0,0,0,0,0,0,0,0,0,0,0,0,0,0,0,0,0,0,0,0,0,0,0,0,0,0,0,0,0,0,0,0,0,0,0,0,0,0
"Elise Lake","7/12/2011","7/12/2011","2011","Middlebury",41.5232,73.141,"CT","CAES","N","N",6.27,59836.16,1342.17,1.548,2,NA,0.9352,NA,NA,"Y",0.0017,0.0017,0.0017,0.0017,0,0,1,0,0,0,1,0,0,0,15,2,13,"SAV",0,0.00085,0,0,0,0.00089,0,0,0,2,0.055,0.021,NA,NA,NA,NA,NA,NA,NA,NA,NA,NA,NA,NA,NA,"",NA,2,6.75,0.55,2,173,1,1,10.3,NA,1,29.2,NA,2,18.8,3,1,1.2,NA,"",0,0,1,1,1,0,0,0,0,0,1,0,0,0,0,0,0,0,0,0,0,0,0,1,0,0,0,0,0,0,0,0,0,0,0,0,0,0,0,0,0,0,0,0,0,0,0,0,0,0,0,1,0,0,0,0,0,0,0,0,0,1,1,0,0,0,0,0,0,0,0,0,0,0,0,0,0,1,0,0,1,0,0,0,0,0,0,0,0,0,0,0,1,0,0,0,0,0,0,0,0,1,0,0,0,0,0,0,0,0,0,0,0,0,1,0,0,0,0,0,0,0,0,0,0,0
"Farm Brook Reservoir","6/26/2012","6/26/2012","2012","Hamden",41.3962,72.9427,"CT","CAES","N","N",6.07,64643.65,1075.74,1.194,2,NA,0.6716,NA,NA,"Y",0.0016,0.0016,0.0016,0.0016,0,0,1,0,0,0,0,0,0,0,8,1,7,"SAV",0,0.00159,0,0,0,0,0,0,0,2,0.1647,0.0762,NA,NA,NA,NA,NA,NA,NA,NA,NA,NA,NA,NA,NA,"",NA,2,7.55,0.55,2,51,2,1,13,NA,1,23.3,NA,2,13.5,0.75,1,0.3,NA,"",1,0,0,0,1,0,0,0,0,0,0,0,0,0,0,0,1,0,1,0,0,0,0,1,0,0,0,0,0,0,0,0,0,0,0,0,0,0,0,0,0,0,0,0,0,0,0,0,0,0,0,0,0,0,0,0,0,0,0,0,0,0,0,0,0,0,0,0,0,1,0,0,0,0,0,0,0,0,0,0,0,0,0,0,0,0,0,0,0,0,0,0,0,0,0,0,0,0,0,0,0,0,0,0,0,0,0,0,0,1,0,0,0,0,0,0,0,0,0,0,0,0,0,0,0,0
"Gibbs Pond","combined","2/27/2012","comb","Smithtown",40.8448,73.1392,"NY","MJM","Y","N",1.61,16102.388,478.9,1.065,2.5,NA,0.8282,NA,NA,"Y",0.0037,0.01,0.01,1e-04,0,0,1,0,0,0,0,0,0,0,2,1,1,"lily",0,0.01,0,0,0,0,0,0,0,4,0.03698,0.00073,5,0.029815439,0.008761516,4,3.38275,0.7926,5,0.298767262,0.131790454,5,0.270334341,0.132392237,NA,"91.4707",NA,5,7.151,0.206670934,5,285.3,27.287291,4,5.245833333,1.287405606,4,27.26666667,1.85094758,NA,NA,NA,3,0.533333333,0.08819171,"",0,0,0,0,0,0,0,0,0,0,0,0,0,0,0,0,0,0,0,0,0,0,0,0,0,1,0,0,0,0,0,0,0,0,0,0,0,0,0,0,0,0,0,0,0,0,0,0,0,0,0,0,0,0,0,0,0,0,0,0,0,1,0,0,0,0,0,0,0,0,0,0,0,0,0,0,0,0,0,0,0,0,0,0,0,0,0,0,0,0,0,0,0,0,0,0,0,0,0,0,0,0,0,0,0,0,0,0,0,0,0,0,0,0,0,0,0,0,0,0,0,0,0,0,0,0
"Graniss Lake","combined","5/1/2004","comb","East Haven",41.3049,72.8555,"CT","CAES","Y","N",7.89,76786.96,1297.82,1.321,3,NA,0.8828,NA,NA,"Y",0.0024,0.0024,0.0024,0.0024,0,0,1,0,0,0,0,0,0,0,19,1,18,"SAV",0,0.00243,0,0,0,0,0,0,0,3,0.0187,0.0069,NA,NA,NA,NA,NA,NA,NA,NA,NA,NA,NA,NA,NA,"",NA,3,8.07,0.44,3,209.67,61.35,1,20.6,NA,1,14.9,NA,3,82.5,8.44,1,4,NA,"",1,0,0,0,0,0,0,0,0,1,0,0,0,0,1,0,0,0,1,0,0,0,0,1,0,0,0,0,0,0,0,0,0,0,0,0,0,0,0,0,0,0,0,0,0,0,0,0,0,0,0,0,0,0,1,1,0,1,1,0,0,1,1,0,0,0,0,0,0,0,0,0,0,1,0,0,0,1,0,1,0,0,0,0,0,0,0,0,0,0,0,0,1,0,0,0,0,0,0,0,0,1,0,0,0,0,0,1,0,0,0,0,0,0,1,0,0,0,0,0,0,0,0,0,0,0
"Halls Pond, Ashford","8/1/2005","8/1/2005","2005","Eastford",41.8402,72.1091,"CT","CAES","N","N",33.18,336790.561,3368.77,1.638,4.267,2.743,0.8645,NA,NA,"Y",8e-04,8e-04,8e-04,8e-04,0,0,0,0,0,0,1,0,0,0,19,1,18,"SAV",0,0,0,0,0,0.00079,0,0,0,2,0.007,0.004,NA,NA,NA,NA,NA,NA,NA,NA,NA,NA,NA,NA,NA,"",NA,2,6.05,0.25,2,44.05,0.45,1,7,NA,1,26.7,NA,2,7.5,1.5,1,3,NA,"",0,0,1,0,0,0,0,0,0,0,1,1,0,0,0,0,1,0,1,0,0,0,0,1,1,0,0,1,0,0,0,1,0,0,0,0,0,0,0,0,0,0,1,0,0,0,0,0,0,0,0,0,0,0,0,1,0,0,0,0,0,1,0,0,0,0,0,0,0,0,0,0,0,1,0,0,0,1,0,0,1,0,0,0,0,0,0,0,0,0,0,0,0,0,0,1,0,0,0,0,0,1,0,0,0,0,0,0,0,0,0,0,0,0,1,0,0,0,0,0,0,0,0,0,0,0
"Hamlin Pond","8/24/2005","8/24/2005","2005","Plainville",41.6706,72.8475,"CT","CAES","N","N",4.86,48500.671,947.13,1.213,4,NA,0,NA,NA,"Y",0.0058,0.0058,0.0058,0.0058,0,0,1,0,0,0,0,0,0,1,8,2,6,"SAV",0,0.00316,0,0,0,0,0,0.00263,0,2,0.0895,0.0485,NA,NA,NA,NA,NA,NA,NA,NA,NA,NA,NA,NA,NA,"",NA,2,6.7,0.3,2,262.5,17.5,1,10.4,NA,1,24.3,NA,2,72.38,1.125,1,1.2,NA,"",0,0,0,0,0,0,0,0,0,1,0,0,0,0,0,0,0,0,0,0,0,0,0,1,0,0,0,0,0,0,0,0,0,0,0,0,0,0,0,0,0,0,0,0,0,0,0,0,0,0,0,0,0,0,1,0,0,0,0,0,0,1,0,0,0,0,0,0,0,0,0,0,0,0,0,1,0,0,0,0,0,0,0,0,0,0,0,0,0,0,0,0,1,0,0,0,0,0,0,0,0,0,0,0,0,0,0,0,0,0,0,0,0,0,0,0,0,0,0,0,0,0,0,0,0,0
"Hartens Pond (Pond  View Condos)","9/13/2013","9/13/2013","2013","North Haven",41.35059,72.851697,"CT","MJM","N","N",0.5766,5766,374.7,1.392,1,NA,0.9292,NA,NA,"Y",1,1,1,1,0,0,1,0,0,0,0,0,0,1,2,2,0,"FP",NA,NA,NA,NA,NA,NA,NA,NA,NA,1,0.06396,NA,NA,NA,NA,1,0.43915,NA,NA,NA,NA,NA,NA,NA,NA,"6.866",NA,NA,NA,NA,1,329,NA,NA,NA,NA,NA,NA,NA,NA,NA,NA,NA,NA,NA,"Qualitative estimate of FP cover; no data on FP species % composition",0,0,0,0,0,0,0,0,0,0,0,0,0,0,0,0,0,0,0,0,0,0,0,0,0,0,0,0,0,0,0,0,0,0,0,0,0,0,0,0,0,0,0,0,0,0,0,0,0,0,0,0,0,0,0,0,0,0,0,0,0,0,0,0,0,0,0,0,0,0,0,0,0,0,0,0,0,0,0,0,0,0,0,0,0,0,0,0,0,0,0,0,0,0,0,0,0,0,0,0,0,0,0,0,0,0,0,0,0,0,0,0,0,0,0,0,0,0,0,0,0,0,0,0,0,0
"Hatch Pond","6/14/2012","6/14/2012","2012","Kent ",41.6836,73.4778,"CT","CAES","N","N",26.71,267092.52,2751.86,1.491,4,NA,0.426,NA,NA,"Y",0.1725,0.1725,0.1725,0.1725,0,0,0,1,0,0,1,1,0,0,15,3,12,"SAV",0,0,0,0,0,0,0,0,0,2,0.1574,0.1325,NA,NA,NA,NA,NA,NA,NA,NA,NA,NA,NA,NA,NA,"",NA,2,7.3,0.3,2,257,25,1,8.3,NA,1,22.9,NA,2,112.15,18.35,1,2,NA,"",0,0,0,0,0,0,0,0,0,1,1,0,0,0,0,0,0,0,0,0,0,0,1,0,0,0,0,0,0,0,0,0,0,0,0,0,0,0,0,0,0,0,0,0,0,0,0,0,0,0,0,0,0,1,0,0,0,0,0,0,0,1,1,0,0,0,0,0,1,0,0,0,0,1,0,0,0,0,0,1,0,0,0,0,0,0,0,0,0,0,0,0,0,0,0,0,0,0,1,0,0,0,0,0,0,0,0,1,0,1,0,0,0,0,0,0,0,0,0,0,0,0,0,0,0,0
"Highwoods Drive Pond","9/13/2013","9/13/2013","2013","Guilford",41.315949,72.700614,"CT","MJM","N","N",0.0858,858,107.1,1.031,1,NA,0.7438,NA,NA,"Y",1,1,1,1,0,0,1,0,0,0,1,0,0,1,3,3,0,"FP",NA,NA,NA,NA,NA,NA,NA,NA,NA,2,0.02815,0.006120607,NA,NA,NA,2,0.23077,0.035023189,NA,NA,NA,NA,NA,NA,NA,"8.1964",NA,NA,NA,NA,1,64,NA,NA,NA,NA,NA,NA,NA,NA,NA,NA,NA,NA,NA,"Qualitative estimate of FP cover; no data on FP species % composition",0,0,0,0,0,0,0,0,0,0,0,0,0,0,0,0,0,0,0,0,0,0,0,0,0,0,0,0,0,0,0,0,0,0,0,0,0,0,0,0,0,0,0,0,0,0,0,0,0,0,0,0,0,0,0,0,0,0,0,0,0,0,0,0,0,0,0,0,0,0,0,0,0,0,0,0,0,0,0,0,0,0,0,0,0,0,0,0,0,0,0,0,0,0,0,0,0,0,0,0,0,0,0,0,0,0,0,0,0,0,0,0,0,0,0,0,0,0,0,0,0,0,0,0,0,0
"Horseshoe Pond","6/21/2013","6/21/2013","2013","Wilton",41.1823,73.4265,"CT","CAES","N","N",2.23,22257.71,713.23,1.359,1,NA,0.8763,NA,NA,"Y",0.024,0.024,0.024,0.024,0,0,1,1,0,0,1,0,0,0,11,3,8,"SAV",0,0.02101,0,0.00117,0,0.00222,0,0,0,2,0.05405,0.00125,NA,NA,NA,NA,NA,NA,NA,NA,NA,NA,NA,NA,NA,"",NA,2,6.45,0.05,2,394.5,0.5,1,2.2,NA,1,21.3,NA,2,34.9,1.1,1,0.8,NA,"",0,0,0,0,0,0,0,0,0,0,1,0,0,0,0,0,0,0,1,0,0,0,0,0,0,0,0,0,0,0,0,0,0,0,0,0,0,0,0,0,0,0,0,0,0,0,0,0,0,0,0,0,0,0,0,0,0,0,1,0,0,0,1,0,0,0,0,0,0,0,0,0,0,0,0,0,0,0,0,0,0,1,0,0,0,0,0,0,0,0,0,0,1,0,0,0,0,0,1,0,0,0,0,0,0,0,0,0,0,0,0,0,0,0,1,0,0,0,0,0,0,0,0,0,0,0
"Hummers Pond","7/28/2005","7/28/2005","2005","Madison",41.2835,72.5827,"CT","CAES","N","N",3.08,30863.362,1241.61,1.994,2,NA,0.733,NA,NA,"Y",0.44,0.44,0.44,0.44,0,0,0,0,0,0,0,0,0,1,9,1,8,"SAV",0,0,0,0,0,0,0,0.44,0,2,0.0755,0.0135,NA,NA,NA,NA,NA,NA,NA,NA,NA,NA,NA,NA,NA,"",NA,2,6.05,0.05,2,196.5,0.5,1,2,NA,1,26.2,NA,2,31.5,0,1,1.5,NA,"",0,0,1,0,0,0,0,0,0,1,0,0,0,0,0,0,0,0,0,0,0,0,0,0,0,0,0,0,0,0,0,0,0,0,0,0,0,0,0,0,0,0,0,0,0,0,0,0,0,0,0,0,0,0,0,0,0,0,0,0,0,1,1,0,0,0,0,0,0,0,0,0,0,0,0,0,0,1,0,0,0,1,0,0,0,0,0,0,0,0,0,0,0,0,0,0,0,0,0,0,0,0,0,0,0,0,0,0,0,0,0,0,0,0,1,0,0,0,0,1,0,0,0,0,0,0
"Indian Lake (1)","8/3/2006","8/3/2006","2006","Orange",41.2505,73.01,"CT","CAES","N","N",10.93,110605.371,2390.98,2.028,4,NA,0.3738,NA,NA,"Y",0.0333,0.0333,0.0333,0.0333,0,0,1,0,0,0,0,0,0,1,13,2,11,"SAV",0,0.02018,0,0,0,0,0,0.01312,0,2,0.069,0.02,NA,NA,NA,NA,NA,NA,NA,NA,NA,NA,NA,NA,NA,"",NA,2,7.05,0.75,2,228.5,33.5,1,9.8,NA,1,31.8,NA,2,55.9,19.9,1,1,NA,"",0,0,0,0,0,0,0,0,0,0,1,1,0,0,0,0,0,0,0,1,0,0,0,1,0,0,0,0,0,0,0,0,0,0,0,0,0,0,0,0,0,0,0,0,0,0,0,0,0,0,0,0,0,0,0,0,0,0,1,0,0,1,1,0,0,0,0,0,0,0,0,0,0,1,0,0,0,1,0,0,1,0,0,0,0,0,0,0,0,0,0,0,1,0,0,0,0,0,0,0,0,0,0,0,0,0,0,0,0,0,0,0,0,0,0,0,0,0,0,0,0,0,0,0,0,0
"Indian Lake (2)","8/10/2009","8/10/2009","2009","Sharon",41.9183,73.4946,"CT","CAES","N","N",82.96,822521.513,5079.46,1.58,3,NA,0.6055,NA,NA,"Y",6e-04,6e-04,6e-04,6e-04,0,0,0,0,0,0,1,0,0,0,21,1,20,"SAV",0,0,0,0,0,0.00058,0,0,0,2,0.014,0.012,NA,NA,NA,NA,NA,NA,NA,NA,NA,NA,NA,NA,NA,"",NA,2,7.5,0.1,2,116.25,3.75,1,6.2,NA,1,27.4,NA,2,274,7,1,2,NA,"",0,0,1,0,0,0,0,0,0,1,0,0,0,0,0,0,0,0,0,0,0,0,1,0,0,0,0,0,0,0,0,0,0,0,0,0,0,0,0,1,0,0,0,0,0,0,0,0,0,1,0,0,0,0,1,0,0,1,0,0,0,0,1,0,0,0,0,0,0,0,0,0,0,0,0,0,0,0,0,1,0,0,0,0,1,0,1,0,0,0,0,0,1,1,1,0,0,0,1,0,1,0,0,0,0,0,0,0,0,0,0,1,0,0,1,0,0,0,0,1,0,0,0,1,0,0
"Lakeview Lake (Willow Lake)","8/18/2006","8/18/2006","2006","West Hartford",41.8031,72.772,"CT","CAES","N","N",1.09,13252.673,548.24,1.343,1,NA,0.5079,NA,NA,"Y",0.1605,0.1605,0.1605,0.1605,0,0,1,0,0,0,0,1,0,0,7,2,5,"SAV",0,0.00202,0,0,0,0,0.15848,0,0,1,0.053,NA,NA,NA,NA,NA,NA,NA,NA,NA,NA,NA,NA,NA,NA,"",NA,1,6.8,NA,1,178,NA,1,4.6,NA,1,20.4,NA,1,63.9,NA,1,1.3,NA,"",0,0,0,0,0,0,0,0,0,0,0,0,0,0,0,0,0,0,0,0,0,0,0,0,0,1,0,0,0,0,0,0,0,0,0,0,0,0,0,0,0,0,1,0,0,0,0,0,0,0,0,0,0,0,0,1,0,0,0,0,0,0,0,0,0,0,0,0,0,0,0,0,0,0,0,0,0,1,0,0,0,0,0,0,0,0,0,0,0,0,0,0,0,0,0,0,0,0,0,0,0,1,0,0,0,0,0,0,0,0,0,0,0,0,0,0,0,0,0,0,0,0,0,0,0,0
"Larkin Pond","7/3/2011","7/3/2011","2011","Middlebury",41.501,73.1117,"CT","CAES","N","N",3.44,34058.9,882.43,1.349,3,NA,0.6508,NA,NA,"Y",0.0094,0.0094,0.0094,0.0094,0,0,1,0,0,0,0,0,0,0,11,1,10,"SAV",0,0.00936,0,0,0,0,0,0,0,2,0.056,0.015,NA,NA,NA,NA,NA,NA,NA,NA,NA,NA,NA,NA,NA,"",NA,2,7.65,1.55,2,130,40,1,12,NA,1,27.6,NA,2,13.9,1.1,1,0.8,NA,"",0,0,1,0,0,0,0,0,0,0,1,0,0,0,1,0,0,0,0,0,0,0,0,0,0,0,0,0,0,0,0,0,0,0,0,0,0,0,0,0,0,0,0,0,0,0,0,0,0,0,0,0,0,0,0,0,0,0,0,0,0,1,1,0,0,0,0,0,0,0,0,0,0,1,0,0,0,0,0,0,1,0,0,0,0,0,0,0,0,0,0,0,1,0,0,0,0,0,0,0,0,1,0,0,0,0,0,0,0,1,0,0,0,0,0,0,0,0,0,0,0,0,0,0,0,0
"Lower Moodus Reservoir","combined","7/20/2009","comb","Moodus",41.5145,72.422,"CT","CAES","Y","N",50.99,509903.91,5306.19,2.115,4,2,0.8154,NA,NA,"Y",1e-04,1e-04,1e-04,1e-04,0,0,1,0,0,0,0,0,0,0,36,1,35,"SAV",0,0.00012,0,0,0,0,0,0,0,2,0.034,0.029,NA,NA,NA,NA,NA,NA,NA,NA,NA,NA,NA,NA,NA,"",NA,2,6.025,0.225,2,72.3,6.3,2,0.05065,0.04915,2,28.85,1.85,2,10.325,1.675,2,1.75,0.25,"",0,0,1,1,1,0,0,0,0,1,1,0,0,1,1,0,0,0,1,0,0,0,0,1,1,0,0,1,0,1,0,0,0,0,0,0,0,0,0,1,0,0,0,0,0,0,0,0,0,1,0,1,0,0,0,1,0,0,0,0,0,1,1,0,0,0,0,0,0,0,0,0,0,1,0,1,0,1,0,1,1,1,0,0,0,0,0,0,0,0,0,1,1,0,0,0,0,0,0,0,0,1,0,0,0,1,0,1,0,1,0,0,0,0,1,0,1,0,0,1,1,0,0,1,0,0
"Lower Yaphank Lake","combined","2/29/2012","comb","Yaphank",40.8347,72.9181,"NY","MJM","Y","N",10.12,101150.13,3548.44,3.147,2.134,NA,0.9263,NA,NA,"Y",0.1433,0.1665,0.1665,0.1308,0,0,1,0,0,0,1,0,0,1,7,3,4,"SAV",0,0.01013,0,0,0,4e-05,0,0.09769,0,4,0.0184,0.00087,4,0.034535241,0.003058594,4,1.38216,0.44772,4,0.596649109,0.131422686,4,0.04880053,0.021127448,NA,"75.1302",NA,4,7.03,0.190249288,4,154.3125,3.765198368,3,8.033333333,0.750740375,3,27.025,1.089724736,NA,NA,NA,NA,NA,NA,"",0,0,0,1,0,0,0,0,0,0,0,0,0,0,0,0,0,0,0,0,0,0,0,0,0,0,0,0,0,0,0,0,0,0,0,0,0,0,0,0,0,0,0,0,0,0,0,0,1,0,0,0,0,0,0,0,0,0,0,0,0,1,0,0,0,0,0,0,0,0,0,0,0,0,0,0,0,0,0,0,0,0,0,0,0,0,0,0,0,0,0,0,0,0,0,0,0,0,0,0,0,0,0,0,0,0,0,0,0,0,0,0,0,0,0,0,0,0,0,0,0,0,0,1,0,0
"Lucky Pond (Galko Farm Pond)","combined","7/13/2012","comb","Wallingford",41.4647,72.8564,"CT","CAES/MJM","Y","N",0.4,7109.305,400.471,1.776,2.5,NA,0.2977,NA,NA,"Y",0.1038,0.2064,0.2064,0.0012,0,0,1,0,0,0,0,0,0,1,8,2,6,"SAV",0,0.00113,0,0,0,0,0,0.00052,0,3,0.1223,0.0712,NA,NA,NA,3,1.78946,0.30632,NA,NA,NA,NA,NA,NA,NA,"35.0221",NA,3,6.9667,0.7075,3,184.1333,38.4285,2,7.65,0.85,2,25.55,2.75,2,53.63,12.5,1,0.7,NA,"",0,0,0,0,0,0,0,0,0,0,0,1,0,0,0,0,0,0,0,0,0,0,0,0,0,0,0,0,0,0,0,0,0,0,0,0,0,0,0,0,0,0,1,0,0,0,0,0,0,0,0,0,0,0,1,0,0,0,0,0,0,0,0,0,0,0,0,0,0,0,0,0,0,0,0,0,0,0,0,1,0,1,0,0,0,0,1,0,0,0,0,0,0,0,0,0,0,0,0,0,0,0,0,0,0,0,0,0,0,0,0,0,0,0,0,0,0,0,0,0,0,0,0,0,0,0
"Mackenzie Reservoir  1  large","combined","7/13/2012","comb","Wallingford",41.4428,72.7722,"CT","CAES/MJM","Y","N",135.34,135335.418,2077.364,1.593,3.8,NA,0.7024,NA,NA,"Y",0.0043,0.0086,0.0086,0,0,0,1,0,0,0,0,0,0,1,11,2,9,"SAV",0,0.00858,0,0,0,0,0,0,0,2,0.0317,0.0158,NA,NA,NA,3,2.13044,0.25195,NA,NA,NA,NA,NA,NA,NA,"44.7637",NA,2,7.1508,1.1142,2,210.7833,70.7167,3,8.866666667,0.554777233,3,29.83333333,0.317979734,NA,NA,NA,NA,NA,NA,"",0,0,0,0,0,0,0,0,0,1,0,0,0,0,0,0,0,0,0,1,0,0,0,1,0,0,0,0,0,0,0,0,0,0,0,0,0,0,0,0,0,0,0,0,0,0,0,0,0,0,0,0,0,0,1,1,0,0,0,0,0,0,0,0,0,0,0,0,0,0,0,0,0,0,0,0,0,0,0,1,0,1,0,1,0,0,0,0,0,0,0,0,0,0,0,0,0,0,0,0,0,0,0,0,0,0,0,1,0,0,0,0,0,0,0,0,0,0,0,0,0,0,0,0,0,0
"Mackenzie Reservoir  2  small","combined","7/13/2012","comb","Wallingford",41.4428,72.7722,"CT","CAES/MJM","Y","N",59.8,59802.595,1325.042,1.528,3,NA,0.526,NA,NA,"Y",0.0767,0.1421,0.1421,0.0113,0,0,1,0,0,0,1,0,0,1,11,3,8,"SAV",0,0.03017,0,0,0,0.00083,0,0.04573,0,3,0.0385,0.0171,NA,NA,NA,3,1.38482,0.37793,NA,NA,NA,NA,NA,NA,NA,"46.0027",NA,3,7.8539,0.5607,3,248.8889,33.8097,2,6.466666667,0.466666667,2,26.58333333,3.383333333,2,62.65,5.5,1,0.9,NA,"",0,0,0,0,0,0,0,0,0,1,0,0,0,0,0,0,0,0,0,0,0,0,0,1,0,0,0,0,0,0,0,0,0,0,0,0,0,0,0,0,0,0,0,0,0,0,0,0,0,0,0,0,0,0,1,0,0,0,0,0,0,0,0,0,0,0,0,0,0,0,0,1,0,0,0,0,0,0,0,1,0,1,0,1,0,0,0,0,0,0,0,0,0,0,0,0,0,0,0,0,0,0,0,0,0,0,0,1,0,0,0,0,0,0,0,0,0,0,0,0,0,0,0,0,0,0
"Mamanasco Lake","combined","9/11/2012","comb","Ridgefield",41.3201,73.5272,"CT","CAES","Y","N",35.7,357034.804,3564.977,1.674,3.353,2.286,0.4486,NA,NA,"Y",4e-04,7e-04,7e-04,1e-04,0,0,1,0,0,0,0,0,0,0,11,1,10,"SAV",0,0.00042,0,0,0,0,0,0,0,2,0.0524,0.0177,NA,NA,NA,NA,NA,NA,NA,NA,NA,NA,NA,NA,NA,"",NA,2,7.8,0.1,2,271.25,30.75,2,0.05065,0.04915,2,24.4,2.8,2,75.1875,0.1875,2,1.4,0.6,"",0,0,0,0,0,0,0,0,0,1,0,0,0,0,0,0,0,0,1,0,0,0,0,0,0,0,0,0,0,0,0,0,0,0,0,0,0,0,0,1,0,0,0,0,0,0,0,0,0,0,0,0,0,0,1,0,0,0,1,0,0,1,1,0,0,0,0,0,0,0,0,0,0,1,0,0,0,0,0,1,0,0,0,0,0,0,0,0,0,0,0,0,1,0,0,0,0,0,0,0,0,0,0,0,0,0,0,0,0,0,0,0,0,0,0,0,0,0,0,0,0,0,0,0,0,0
"Mill Pond  North Basin","combined","2/27/2012","comb","East Setauket",40.9465,73.1156,"NY","MJM","Y","N",1.5,14654.92,579.23,1.35,2.286,NA,0.7651,NA,NA,"Y",0.4185,0.5652,0.5652,0.0747,0,0,1,0,0,0,1,0,0,1,6,3,3,"SAV",0,0.02422,0,0,0,0.02272,0,0.21842,0,4,0.02579,0.0023,8,0.03684,0.006347273,4,3.37961,0.38448,8,0.60323,0.141200138,8,0.05011,0.021954191,NA,"131.0642",NA,7,8.33,0.52,8,210.56875,14.02495763,7,8.017857143,1.054422578,7,25.72142857,1.261747519,NA,NA,NA,NA,NA,NA,"",0,0,0,0,0,0,0,0,0,0,0,0,0,0,0,0,0,0,0,0,0,0,0,1,0,1,0,0,0,0,0,0,0,0,0,0,0,0,0,0,0,0,0,0,0,0,0,0,0,0,0,0,0,0,0,0,0,0,0,0,0,0,0,0,0,0,0,0,0,0,0,0,0,0,1,0,0,0,0,0,0,0,0,0,0,0,0,0,0,0,0,0,0,0,0,0,0,0,0,0,0,0,0,0,0,0,0,0,0,0,0,0,0,0,0,0,0,0,0,0,0,0,0,1,0,0
"Mill Pond  South Basin","combined","2/27/2012","comb","East Setauket",40.9444,73.116,"NY","MJM","Y","N",1.13,11440.06,776.43,2.06,1.219,NA,0.5827,NA,NA,"Y",0.53,0.53,0.6969,0.2245,0,0,1,0,0,0,1,0,0,1,6,3,3,"shift",0,0.26332,0,0,0,0.0236,0,0.16529,0,4,0.02366,0.00133,6,0.05048,0.01191952,4,4.58481,0.32402,6,0.89752,0.117693132,6,0.12464,0.048580281,NA,"193.8149",NA,6,6.82667,0.185464881,6,209.04861,9.53901987,5,7.6,1.205680997,5,20.34,0.528036194,NA,NA,NA,NA,NA,NA,"",0,0,0,0,0,0,0,0,0,0,0,0,0,0,0,0,0,0,0,0,0,0,0,1,0,1,0,0,0,0,0,0,0,0,0,0,0,0,0,0,0,0,0,0,0,0,0,0,0,0,0,0,0,0,0,0,0,0,0,0,0,0,0,0,0,0,0,0,0,0,0,0,0,0,1,0,0,0,0,0,0,0,0,0,0,0,0,0,0,0,0,0,0,0,0,0,0,0,0,0,0,0,0,0,0,0,0,0,0,0,0,0,0,0,0,0,0,0,0,0,0,0,0,1,0,0
"Mill Pond Park","combined","7/13/2012","comb","Newington",41.6947,72.73,"CT","CAES/MJM","Y","N",1.46,14568.683,597.938,1.397,2.8,NA,0.2895,NA,NA,"Y",0.2675,0.4938,0.4938,0.0411,0,0,1,0,0,0,1,0,0,0,8,2,6,"SAV",0,0.12823,0,0,0,0.00208,0,0,0,3,0.0948,0.0257,NA,NA,NA,3,1.68768,0.28318,NA,NA,NA,NA,NA,NA,NA,"24.394",NA,3,7.4,0.6473,3,444.1111,134.9231,2,8.55,0.65,2,24.71666667,3.816666667,2,180.4,12.5,1,1.2,NA,"",0,0,0,0,0,0,0,0,0,1,0,0,0,0,0,0,0,0,0,0,0,0,0,1,0,1,0,0,0,0,0,0,0,0,0,0,0,0,0,0,0,0,0,0,0,0,0,0,0,0,0,0,0,0,0,0,0,0,0,0,0,0,0,0,0,0,0,0,0,0,0,0,0,0,1,0,0,0,0,1,0,0,0,0,0,0,0,0,0,0,0,0,0,0,0,0,0,0,0,0,0,0,0,0,0,1,0,0,0,0,0,0,0,0,0,0,0,0,0,0,0,0,0,1,0,0
"Mills Pond","combined","2/27/2012","comb","St. James",40.8972,73.1483,"NY","MJM","Y","N",0.36,3547.89,234.59,1.102,1,NA,1,NA,NA,"Y",0.9281,1,1,0.6719,0,0,1,0,0,0,0,0,0,0,1,1,0,"FP",0,0.74635,0,0,0,0,0,0,0,4,0.08862,0.00571,6,0.374497172,0.176850392,4,2.53953,0.42762,6,0.063417551,0.049160718,6,0.120832805,0.084708668,NA,"28.6559",NA,6,6.924305556,0.12441333,8,1120.34375,358.064992,6,6.133333333,1.594321521,6,23.39305556,2.187091143,NA,NA,NA,3,0.47,0.03,"",0,0,0,0,0,0,0,0,0,0,0,0,0,0,0,0,0,0,0,0,0,0,0,0,0,1,0,0,0,0,0,0,0,0,0,0,0,0,0,0,0,0,0,0,0,0,0,0,0,0,0,0,0,0,0,0,0,0,0,0,0,0,0,0,0,0,0,0,0,0,0,0,0,0,0,0,0,0,0,0,0,0,0,0,0,0,0,0,0,0,0,0,0,0,0,0,0,0,0,0,0,0,0,0,0,0,0,0,0,0,0,0,0,0,0,0,0,0,0,0,0,0,0,0,0,0
"Mills Pond, Lower","combined","7/13/2012","comb","Canton",41.8242,72.9114,"CT","CAES/MJM","Y","N",0.4,3876.581,251.35,1.115,1.5,0.5,0.6541,NA,NA,"Y",0.635,0.5,1,0.5,0,0,1,0,0,0,1,0,0,1,10,3,7,"shift",0,0.01016,0,0,0,0.00078,0,0.50906,0,3,0.0402,0.0053,NA,NA,NA,2,1.39044,0.19633,NA,NA,NA,NA,NA,NA,NA,"39.7873",NA,3,7.1267,0.5617,3,238,56.5066,2,6.433333333,1.833333333,2,22.53333333,8.683701208,2,27.38,14.5,1,1,NA,"",0,0,0,0,0,0,0,0,0,1,0,0,0,0,0,0,0,0,0,0,0,0,0,1,0,0,0,0,0,0,0,0,0,0,0,0,0,0,0,0,0,0,0,0,0,0,0,0,0,0,0,0,0,0,1,0,0,1,0,0,0,0,1,0,0,0,0,0,0,0,0,0,0,0,0,0,0,0,0,0,0,0,0,0,0,0,0,0,0,0,0,0,1,0,0,0,0,0,0,0,0,0,0,0,0,0,0,0,0,0,0,0,0,0,1,0,0,0,0,0,0,0,0,0,0,0
"Mills Pond, Upper","combined","7/13/2012","comb","Canton",41.8266,72.9141,"CT","CAES/MJM","Y","N",1.78,17784.083,747.696,1.581,1.5,NA,0.9572,NA,NA,"Y",0.1217,0.24,0.24,0.0035,0,0,1,0,0,0,1,0,0,0,10,2,8,"SAV",0,0.02001,0,0,0,0.10001,0,0,0,3,0.0671,0.0379,NA,NA,NA,3,1.03453,0.23507,NA,NA,NA,NA,NA,NA,NA,"35.3213",NA,3,6.6933,0.3619,3,224.4222,69.3793,2,4.65,4.35,2,20.9,7.511324783,2,33,51,1,1,NA,"",0,0,1,0,0,0,0,0,0,1,0,0,0,0,0,0,0,0,0,0,0,0,0,1,0,0,0,0,0,0,0,0,0,0,0,0,0,0,0,0,0,0,1,0,0,0,0,0,0,0,0,0,0,0,0,0,0,0,0,0,0,0,1,0,0,0,0,0,0,0,0,0,0,0,0,0,0,0,0,0,0,0,0,0,0,0,0,0,0,0,0,0,1,0,0,0,0,0,1,0,0,0,0,0,0,0,0,0,0,0,0,0,0,0,1,0,0,0,0,0,0,0,0,0,0,0
"New England Road Pond","9/13/2013","9/13/2013","2013","Guilford",41.316501,72.722299,"CT","MJM","N","N",0.0275,275,83.9,1.427,1,NA,0.6294,NA,NA,"Y",0.8,0.8,0.8,0.8,0,0,1,0,0,0,1,0,0,0,2,2,0,"FP",NA,NA,NA,NA,NA,NA,NA,NA,NA,2,0.02234,0.000357035,NA,NA,NA,2,0.30194,0.04563143,NA,NA,NA,NA,NA,NA,NA,"13.5153",NA,NA,NA,NA,1,153,NA,NA,NA,NA,NA,NA,NA,NA,NA,NA,NA,NA,NA,"Qualitative estimate of FP cover; no data on FP species % composition; lots of emergent species present",NA,NA,NA,NA,NA,NA,NA,NA,NA,NA,NA,NA,NA,NA,NA,NA,NA,NA,NA,NA,NA,NA,NA,NA,NA,NA,NA,NA,NA,NA,NA,NA,NA,NA,NA,NA,NA,NA,NA,NA,NA,NA,NA,NA,NA,NA,NA,NA,NA,NA,NA,NA,NA,NA,NA,NA,NA,NA,NA,NA,NA,NA,NA,NA,NA,NA,NA,NA,NA,NA,NA,NA,NA,NA,NA,NA,NA,NA,NA,NA,NA,NA,NA,NA,NA,NA,NA,NA,NA,NA,NA,NA,NA,NA,NA,NA,NA,NA,NA,NA,NA,NA,NA,NA,NA,NA,NA,NA,NA,NA,NA,NA,NA,NA,NA,NA,NA,NA,NA,NA,NA,NA,NA,NA,NA,NA
"Nichols Pond","6/29/2005","6/29/2005","2005","Oxford",41.4171,73.1369,"CT","CAES","N","N",5.14,51924.289,1109.48,1.373,1.5,NA,0.9244,NA,NA,"Y",2e-04,2e-04,2e-04,2e-04,0,0,1,0,0,0,0,0,0,0,9,1,8,"SAV",0,0.00019,0,0,0,0,0,0,0,2,0.0525,0.0085,NA,NA,NA,NA,NA,NA,NA,NA,NA,NA,NA,NA,NA,"",NA,2,5.25,0.05,2,77.65,3.85,1,5,NA,1,26.8,NA,2,4.5,1.5,1,0.9,NA,"",0,0,1,0,0,0,1,0,0,0,0,0,0,0,0,0,0,0,0,0,0,0,0,0,0,0,0,0,0,0,0,0,0,0,0,0,0,0,0,0,0,0,0,0,0,0,0,0,0,0,0,1,0,0,0,0,0,0,0,0,0,1,1,0,0,0,0,0,0,0,0,0,0,0,0,0,0,1,0,0,0,0,0,0,0,0,0,0,0,0,0,0,0,0,0,0,0,0,0,0,0,0,0,0,0,0,0,0,0,0,0,0,0,0,1,0,0,0,0,0,0,0,1,0,0,0
"North Farms Reservoir","combined","7/13/2012","comb","Wallingford",41.4854,72.7795,"CT","CAES/MJM","Y","N",26.06,265812.164,2486.73,1.361,2,NA,0.6011,NA,NA,"Y",0.0277,0.0504,0.0504,0.005,0,0,1,0,0,0,1,0,0,1,10,3,7,"SAV",0,0.0098,0,0,0,0.00091,0,0.01451,0,4,0.1116,0.0641,NA,NA,NA,3,1.19178,0.47892,NA,NA,NA,NA,NA,NA,NA,"21.981",NA,4,6.9846,0.3749,4,176.25,47.3248,3,5.244444444,2.731458255,3,23.03333333,1.835150614,2,90.76,40.89,2,0.8,0.3,"",0,0,0,0,0,0,0,0,0,1,0,0,0,0,0,0,0,0,0,0,0,0,1,1,0,0,0,0,0,0,0,0,0,0,0,0,0,0,0,0,0,0,0,0,0,0,0,0,0,0,0,0,0,0,0,0,0,0,1,0,0,0,1,0,0,0,0,0,0,0,0,0,0,0,0,0,0,0,0,1,0,0,0,0,0,0,0,0,0,0,0,0,1,0,0,0,0,0,0,0,0,0,0,0,0,0,0,0,0,0,0,0,0,0,0,0,0,0,0,0,0,0,0,0,0,0
"Oakwood Pond","7/14/2006","7/14/2006","2006","Guilford",41.3306,72.7318,"CT","CAES","N","N",0.2,1901.245,246.08,1.592,1.8,NA,0.7953,NA,NA,"Y",0.008,0.008,0.008,0.008,0,0,1,0,0,0,0,0,0,0,13,1,12,"SAV",0,0.00795,0,0,0,0,0,0,0,2,0.091,0.007,NA,NA,NA,NA,NA,NA,NA,NA,NA,NA,NA,NA,NA,"",NA,2,6.6,0.1,2,148.5,3.5,NA,NA,NA,NA,NA,NA,2,22.9,0.4,1,1,NA,"",0,0,0,0,0,0,1,0,0,0,1,0,0,0,0,0,1,0,0,1,1,0,0,0,0,0,0,0,0,0,0,0,0,0,0,0,0,0,0,0,0,0,1,0,0,0,0,0,0,0,0,0,0,0,0,1,0,0,0,0,0,0,1,0,0,0,0,0,0,0,1,0,0,0,0,0,0,1,0,0,0,0,0,0,0,0,0,0,0,0,0,0,0,0,0,0,0,0,0,0,0,0,0,0,0,0,0,0,0,1,0,0,0,0,1,0,0,0,0,0,0,0,0,0,0,0
"One Acre Pond","6/16/2011","6/16/2011","2011","Madison",41.2948,72.6244,"CT","CAES","N","N",0.4,4046.856,NA,1.118,3,NA,0.7805,NA,NA,"Y",0.6611,0.6611,0.6611,0.6611,0,0,0,0,0,0,0,1,0,0,9,1,8,"FP?",0,0,0,0,0,0,0.39666,0,0,2,0.0425,0.0155,NA,NA,NA,NA,NA,NA,NA,NA,NA,NA,NA,NA,NA,"",NA,2,6.75,0.45,2,294,9,1,10.4,NA,1,23.4,NA,2,45.05,2.25,1,1.8,NA,"",0,0,0,0,0,0,0,0,0,0,0,1,0,0,0,0,0,0,0,0,0,0,0,0,0,0,0,0,0,0,0,0,0,0,0,0,1,0,0,0,0,0,1,0,0,0,0,0,0,0,0,0,0,0,0,0,0,0,0,0,0,0,1,0,0,0,0,0,0,0,0,0,0,1,0,0,0,0,0,0,0,1,0,0,0,0,0,0,0,0,0,0,0,0,0,0,0,0,0,0,0,0,0,0,0,0,0,0,0,1,0,1,0,0,0,0,0,0,0,0,0,0,0,0,0,0
"Pattaganset Lake","combined","7/12/2013","comb","East Lyme",41.3741,72.2303,"CT","CAES","Y","N",51.8,517997.622,6059.84,2.396,10.058,4.267,NA,NA,NA,"Y",0.009,0,0.018,0,0,0,0,0,0,0,1,0,0,0,38,1,37,"SAV",0,0,0,0,0,0.009,0,0,0,2,0.0078,0.0014,NA,NA,NA,NA,NA,NA,NA,NA,NA,NA,NA,NA,NA,"",NA,2,6.6,0.25,2,69.5,16.5,2,0.05065,0.04915,2,30.35,1.05,2,13.375,2.375,2,2.45,0.15,"",0,0,1,0,1,0,0,0,0,1,1,1,0,0,1,0,0,0,1,0,0,0,0,1,1,0,0,0,0,1,0,0,0,0,0,0,0,0,0,1,0,0,1,0,0,0,0,0,0,1,0,0,1,0,0,1,0,0,0,0,0,1,1,0,0,0,0,0,0,1,0,0,0,1,0,0,0,1,0,0,1,0,0,0,0,0,1,0,1,0,0,1,1,0,0,1,1,0,0,0,0,1,0,0,0,0,0,0,0,1,0,1,0,0,1,1,1,0,0,1,1,0,1,1,0,0
"Paul T. Given County Park Pond","combined","2/28/2012","comb","Smithtown",40.8574,73.2103,"NY","MJM","Y","N",0.1,971.76,129.25,1.179,1,NA,0.7705,NA,NA,"Y",0.3373,0.4458,0.4458,0.138,0,0,1,0,0,1,1,0,0,1,7,4,3,"SAV",0,0.21633,0,0,0.01067,0.04635,0,0.01674,0,4,0.01768,0.00098,6,0.042771216,0.016594683,4,2.9758,0.97581,6,1.583227546,0.396665613,6,0.074243339,0.011929965,NA,"168.2691",NA,5,6.59,0.16,6,239.3069444,6.036651335,5,9.771666667,0.790484205,5,20.645,1.240820741,NA,NA,NA,NA,NA,NA,"",0,0,1,0,0,0,0,0,0,0,0,0,0,0,0,0,0,0,0,0,0,0,0,0,0,0,0,0,0,0,0,0,0,0,0,0,0,0,0,0,0,0,0,0,0,0,0,0,0,1,0,0,0,0,0,0,0,0,0,0,0,0,0,0,0,0,0,0,0,0,0,0,0,0,0,0,0,0,0,0,0,0,0,0,0,0,0,0,0,0,0,0,0,0,0,0,0,0,0,0,0,0,0,0,0,0,0,0,0,0,0,0,1,0,0,0,0,0,0,0,0,0,0,0,0,0
"Private Pond (3)","8/31/2012","8/31/2012","2012","Westport",41.17,73.3564,"CT","CAES","N","N",0.4,3720.75,229.98,1.064,2.1,NA,0.8456,NA,NA,"Y",0.8302,1,1,0.6605,1,0,1,0,0,0,1,1,0,0,5,4,1,"FP",0.44011,0.07345,0,0,0,0.07345,0.07345,0,0,1,0.1186,NA,NA,NA,NA,NA,NA,NA,NA,NA,NA,NA,NA,NA,NA,"",NA,1,6.3,NA,1,174,NA,1,0.2,NA,1,21,NA,1,30.75,NA,1,2.1,NA,"",0,0,0,0,0,0,0,0,0,0,1,0,0,0,0,0,0,0,0,0,0,0,0,0,0,0,0,0,0,0,0,0,0,0,0,0,0,0,0,0,0,0,0,0,0,0,0,0,0,0,0,0,0,0,0,0,0,0,0,0,0,0,0,0,0,0,0,0,0,0,0,0,0,0,0,0,0,0,0,0,0,0,0,0,0,0,0,0,0,0,0,0,0,0,0,0,0,0,0,0,0,0,0,0,0,0,0,0,0,0,0,0,0,0,0,0,0,0,0,0,0,0,0,0,0,0
"Private Pond (5) Lower/West","9/4/2012","9/4/2012","2012","Suffield",42.0026,72.6469,"CT","CAES","N","N",0.28,2832.8,219.7,1.285,0.5,NA,0,NA,NA,"Y",1,1,1,1,1,0,0,0,0,0,0,0,0,0,3,1,2,"FP",1,0,0,0,0,0,0,0,0,1,1.4246,NA,NA,NA,NA,NA,NA,NA,NA,NA,NA,NA,NA,NA,NA,"",NA,1,6.6,NA,1,336,NA,1,0.2,NA,1,20.1,NA,1,122.25,NA,1,0.5,NA,"",0,0,0,0,0,0,0,0,0,0,0,0,0,0,0,0,0,0,0,0,0,0,0,0,0,0,0,0,0,0,0,0,0,0,0,0,0,0,0,0,0,0,0,0,0,0,0,0,0,0,0,0,0,0,0,0,0,0,0,0,0,0,0,0,0,0,0,0,0,1,0,0,0,0,0,0,0,0,0,0,0,0,0,0,0,0,0,0,0,0,0,0,0,0,0,0,0,0,0,0,0,0,0,0,0,0,0,0,0,1,0,0,0,0,0,0,0,0,0,0,0,0,0,0,0,0
"Private Pond (5) Upper/East","9/4/2012","9/4/2012","2012","Suffield",42.0027,72.6465,"CT","CAES","N","N",0.12,1214.06,123.43,1.058,0.5,NA,0,NA,NA,"Y",1,1,1,1,1,0,0,0,0,0,0,1,0,0,4,2,2,"FP",0.9,0,0,0,0,0,0.1,0,0,1,0.2035,NA,NA,NA,NA,NA,NA,NA,NA,NA,NA,NA,NA,NA,NA,"",NA,1,6.4,NA,1,184,NA,1,0.2,NA,1,20.4,NA,1,37.5,NA,1,0.5,NA,"",0,0,0,0,0,0,0,0,0,0,0,0,0,0,0,0,0,0,0,0,0,0,0,0,0,0,0,0,0,0,0,0,0,0,0,0,0,0,0,0,0,0,0,0,0,0,0,0,0,0,0,0,0,0,0,0,0,0,0,0,0,0,1,0,0,0,0,0,0,0,0,0,0,0,0,0,0,0,0,0,0,0,0,0,0,0,0,0,0,0,0,0,0,0,0,0,0,0,0,0,0,0,0,0,0,0,0,0,0,1,0,0,0,0,0,0,0,0,0,0,0,0,0,0,0,0
"Putnam Park Pond","9/27/2011","9/27/2011","2011","Easton",41.3388,73.3776,"CT","CAES","N","N",5.67,60334.215,1830.95,2.103,2.5,NA,0.8044,NA,NA,"Y",0.0011,0.0011,0.0011,0.0011,0,0,0,1,0,1,0,0,0,0,17,2,15,"SAV",0,0.00111,0,0,0,0,0,0,0,2,0.02,0,NA,NA,NA,NA,NA,NA,NA,NA,NA,NA,NA,NA,NA,"",NA,2,6.2,0,2,106.5,17.5,1,6.2,NA,1,21.7,NA,2,26.3,4.5,1,1.5,NA,"Riccia sp. is not reported by CAES, but is present in herbarium specimen from pond",0,0,0,0,1,0,0,0,0,0,1,0,0,0,0,0,0,0,0,0,0,0,1,0,0,0,0,0,0,0,0,0,0,0,0,0,0,0,0,0,0,0,0,0,0,0,0,0,0,0,0,0,0,1,1,0,0,0,0,0,1,1,1,0,0,0,0,0,1,0,1,0,0,1,0,1,0,0,0,0,0,0,0,0,0,0,0,0,0,0,0,0,0,0,0,0,0,0,0,0,0,0,0,0,0,0,0,0,0,1,0,0,0,0,1,0,1,0,0,1,0,0,0,0,0,0
"Quassapaug Lake","7/26/2011","7/26/2011","2011","Middlebury",41.5318,73.1533,"CT","CAES","N","N",119.79,1137661.94,9657.12,2.489,10,NA,0.8238,NA,NA,"Y",0.0021,0.0021,0.0021,0.0021,0,0,0,0,0,0,1,1,0,0,25,2,23,"SAV",0,0,0,0,0,0.00172,0.00041,0,0,NA,NA,NA,NA,NA,NA,NA,NA,NA,NA,NA,NA,NA,NA,NA,NA,"",NA,2,6.1,0.1,2,67.7,0.1,1,6.7,NA,1,26.5,NA,1,10.5,NA,1,4,NA,"",0,0,1,0,1,0,0,0,0,1,0,0,0,0,1,0,0,0,1,0,0,0,0,0,0,0,0,0,0,1,0,0,0,0,0,0,0,0,0,0,0,0,0,0,0,0,0,0,0,1,0,0,0,0,1,0,0,1,0,0,0,1,1,0,0,0,0,0,0,0,0,0,0,1,0,0,0,1,0,0,1,1,0,0,0,0,1,0,0,0,0,1,1,0,0,0,0,0,0,0,0,0,0,0,0,0,0,0,0,NA,0,0,0,1,1,0,0,0,0,1,1,0,1,0,0,0
"Quonnipaug Lake","combined","7/8/2010","comb","Guilford",41.3925,72.6974,"CT","CAES","Y","N",39.94,385473.72,5178.8,2.353,14,5.486,0.7547,NA,NA,"Y",0.0034,0.0034,0.0034,0.0034,0,0,1,1,0,0,1,0,0,0,33,3,30,"SAV",0,0.00103,0,0.00137,0,0.00101,0,0,0,2,0.0101,0.0075,NA,NA,NA,NA,NA,NA,NA,NA,NA,NA,NA,NA,NA,"",NA,2,7.125,0.125,2,116.6167,21.8833,2,0.05065,0.04915,2,26.1,2.8,2,31.9,3,2,3.45,0.45,"",0,0,1,1,0,0,0,0,0,1,0,0,0,0,0,0,0,0,0,0,0,0,0,1,0,0,0,0,0,0,0,0,0,0,0,0,0,0,0,1,0,0,0,0,1,0,0,0,0,1,0,0,0,0,1,1,0,0,0,0,0,1,1,0,0,0,1,0,0,0,0,0,0,1,0,1,0,0,0,1,1,1,0,1,0,0,1,0,1,0,0,0,1,0,0,1,1,0,1,0,0,1,0,0,0,0,0,0,0,0,0,0,0,0,1,0,0,0,0,1,0,0,1,1,0,1
"Redwing Pond","7/13/2009","7/13/2009","2009","Ansonia",41.3444,73.0525,"CT","CAES","N","N",0.49,4845.169,284.488,1.152,1,NA,0.8224,NA,NA,"Y",0.0173,0.0173,0.0173,0.0173,0,0,1,0,0,0,1,0,0,0,10,2,8,"SAV",0,0.00479,0,0,0,0.01253,0,0,0,2,0.018,0,NA,NA,NA,NA,NA,NA,NA,NA,NA,NA,NA,NA,NA,"",NA,2,5.95,0.05,2,57.95,2.85,1,12.1,NA,1,19.9,NA,2,22.15,1.85,1,1.1,NA,"",0,0,0,0,1,0,1,1,0,1,0,0,0,0,0,0,0,0,0,0,0,0,0,0,0,1,0,0,0,0,0,0,0,0,0,0,0,0,0,0,0,0,0,0,0,0,0,0,0,0,0,0,0,0,0,0,0,1,0,0,0,0,0,0,0,0,0,0,0,0,0,0,0,0,0,0,0,1,0,0,0,0,0,0,0,0,0,0,0,0,0,0,1,0,0,0,0,0,0,0,0,0,0,0,0,0,0,0,0,0,0,0,0,0,0,0,0,0,0,0,0,0,0,0,0,0
"Robinson Pond ","combined","3/12/2012","comb","East Patchogue",40.7648,72.9821,"NY","MJM","Y","N",3.34,32531.83,1117.46,1.725,0.5,NA,0.6941,NA,NA,"Y",0.3238,0.0112,0.9,0.0112,0,0,1,0,0,0,0,0,0,0,2,1,1,"shift",0,0.32418,0,0,0,0,0,7e-04,0,4,0.03523,0.00114,4,0.113687038,0.019200406,4,1.04271,0.30831,4,0.78663231,0.119243923,4,0.063843351,0.013826847,NA,"29.6004",NA,4,6.916875,0.226663699,4,222.4,4.496016756,3,9.133333333,1.178481839,3,25.05833333,2.479177171,NA,NA,NA,NA,NA,NA,"",0,0,0,0,0,0,0,0,0,0,0,0,0,0,0,0,0,0,0,0,0,0,0,1,0,1,0,0,0,0,0,0,0,0,0,0,0,0,0,0,0,0,0,0,0,0,0,0,0,0,0,0,0,0,0,0,0,0,0,0,0,0,0,0,0,0,0,0,0,0,0,0,0,0,0,0,0,0,0,0,0,0,0,0,0,0,0,0,0,0,0,0,0,0,0,0,0,0,0,0,0,0,0,0,0,0,0,0,0,0,0,0,0,0,0,0,0,0,0,0,0,0,0,0,0,0
"Rolling Ridge Pond","combined","6/12/2009","comb","Norwalk ",41.1346,73.4223,"CT","CAES","Y","N",0.4,2604.745,272.66,1.507,2,NA,0.7873,NA,NA,"Y",0.0144,0.0288,0.0288,0,0,0,1,0,0,0,1,0,0,0,3,2,1,"SAV",0,0.01745,0,0,0,0.01139,0,0,0,2,0.1688,0.0593,NA,NA,NA,NA,NA,NA,NA,NA,NA,NA,NA,NA,NA,"",NA,2,6.75,0,2,206,69.5,2,0.05065,0.04915,2,22.4,3.2,2,26.85,8.05,2,0.6,0.1,"",0,0,0,0,0,0,0,0,0,0,0,0,0,0,0,0,0,0,0,0,0,0,0,0,0,0,0,0,0,0,0,0,0,0,0,0,0,0,0,0,0,0,0,0,0,0,0,0,0,0,0,0,0,0,0,0,0,0,0,0,0,1,0,0,0,0,0,0,0,0,0,0,0,0,0,0,0,0,0,0,0,0,0,0,0,0,0,0,0,0,0,0,0,0,0,0,0,0,0,0,0,0,0,0,0,0,0,0,0,0,0,0,0,0,0,0,0,0,0,0,0,0,0,0,0,0
"Roseland Lake","6/19/2012","6/19/2012","2012","Woodstock",41.9509,71.9509,"CT","CAES","N","N",38.85,370254.47,3266.89,1.479,5,NA,0.8051,NA,NA,"Y",2e-04,2e-04,2e-04,2e-04,0,0,0,0,0,0,1,0,0,0,12,1,11,"SAV",0,0,0,0,0,0.00022,0,0,0,2,0.2085,0.1264,NA,NA,NA,NA,NA,NA,NA,NA,NA,NA,NA,NA,NA,"",NA,2,7.25,0.75,2,95,1,1,9.6,NA,1,21.5,NA,2,28.5,6,1,1.5,NA,"",0,0,0,0,1,0,0,0,0,0,0,0,0,0,0,0,0,0,0,0,0,0,0,1,0,0,0,0,0,0,0,0,0,0,0,0,0,0,0,0,0,0,0,0,0,0,0,0,0,0,0,0,0,0,0,0,0,0,0,0,0,1,1,0,0,0,0,0,1,0,0,0,0,1,0,0,0,0,0,0,1,1,0,0,0,0,0,0,0,0,0,0,0,0,0,1,0,0,0,0,0,1,0,0,0,0,0,0,0,0,0,0,0,0,0,0,0,0,0,0,0,0,0,1,0,0
"Salmon Brook","8/4/2005","8/4/2005","2005","Glastonbury",41.718,72.6096,"CT","CAES","N","N",0.45,4285.418,323.347,1.367,2,NA,0.4815,NA,NA,"Y",0.0316,0.0316,0.0316,0.0316,0,0,1,0,0,0,0,0,0,0,4,1,3,"SAV",0,0.02658,0,0,0,0.005,0,0,0,2,0.0995,0.0175,NA,NA,NA,NA,NA,NA,NA,NA,NA,NA,NA,NA,NA,"",NA,2,7.7,0.8,2,116,6,1,12.5,NA,1,29.7,NA,2,22.13,1.125,1,0.7,NA,"",0,0,0,0,0,0,0,0,0,1,0,0,0,0,0,0,0,0,0,0,0,0,0,1,0,1,0,0,0,0,0,0,0,0,0,0,0,0,0,0,0,0,0,0,0,0,0,0,0,0,0,0,0,0,0,0,0,0,0,0,0,0,0,0,0,0,0,0,0,0,0,0,0,0,0,0,0,0,0,0,0,0,0,0,0,0,0,0,0,0,0,0,0,0,0,0,0,0,0,0,0,0,0,0,0,0,0,0,0,0,0,0,0,0,0,0,0,0,0,0,0,0,0,0,0,0
"Scribner Pond","7/27/2011","7/27/2011","2011","Norwalk",41.1091,73.4434,"CT","CAES","N","N",0.97,7564.37,591.56,1.919,2,1,0.78,NA,NA,"Y",0.6039,0.7105,0.7105,0.4973,0,0,1,0,0,0,0,0,0,0,3,1,2,"FP?",0,0.49733,0,0,0,0,0,0,0,2,0.5045,0.1995,NA,NA,NA,NA,NA,NA,NA,NA,NA,NA,NA,NA,NA,"",NA,2,6.15,0.25,2,117.5,10.5,1,8.1,NA,1,27.1,NA,2,34.15,4.15,1,1.5,NA,"",0,0,0,0,0,0,0,0,0,0,0,1,0,0,0,0,0,0,0,0,0,0,0,0,0,0,0,0,0,0,0,0,0,0,0,0,0,0,0,0,0,0,0,0,0,0,0,0,0,0,0,0,0,0,0,0,0,0,0,0,0,0,0,0,0,0,0,0,0,0,0,0,0,0,0,0,0,0,0,1,0,0,0,0,0,0,0,0,0,0,0,0,0,0,0,0,0,0,0,0,0,0,0,0,0,0,0,0,0,0,0,0,0,0,0,0,0,0,0,0,0,0,0,0,0,0
"Shelton Reservoir #2","7/15/2005","7/15/2005","2005","Shelton",41.3193,73.1107,"CT","CAES","N","N",2.95,29827.425,940.52,1.536,3,NA,0.8287,NA,NA,"Y",1e-04,1e-04,1e-04,1e-04,0,0,1,0,0,0,0,0,0,0,12,1,11,"SAV",0,0.00011,0,0,0,0,0,0,0,2,0.0415,0.0175,NA,NA,NA,NA,NA,NA,NA,NA,NA,NA,NA,NA,NA,"",NA,2,6.4,0.1,2,153,1,1,8.3,NA,1,25.7,NA,2,18,1.5,1,2.2,NA,"",0,0,0,0,0,0,0,0,0,0,0,0,0,0,0,0,0,0,0,0,0,0,0,1,0,0,0,0,0,0,0,0,0,0,0,0,0,0,0,0,0,0,0,0,0,0,0,0,0,0,0,0,0,0,0,1,1,0,0,0,0,1,0,0,0,0,0,0,0,0,0,0,0,0,0,1,0,1,0,0,0,0,0,0,0,0,0,0,0,0,0,0,1,0,0,0,0,0,0,0,0,1,0,0,0,0,0,0,0,0,0,0,0,0,1,0,0,0,0,1,1,0,0,0,0,0
"Silver Lake","combined","7/8/2008","comb","Berlin, Meriden",41.345,72.4621,"CT","CAES","Y","N",59.08,602535.061,4728.41,1.718,4.877,1.524,0.7296,NA,NA,"Y",0.1086,0.1086,0.1086,0.1086,0,0,0,0,0,0,1,0,0,1,19,2,17,"SAV",0,0,0,0,0,0.07107,0,0.03751,0,2,0.0728,0.0478,NA,NA,NA,NA,NA,NA,NA,NA,NA,NA,NA,NA,NA,"",NA,2,7.725,0.325,2,247.25,28.25,2,0.05065,0.04915,2,26.1,0.7,2,71.625,3.375,2,1.4,0.4,"",0,0,0,0,1,0,0,0,0,1,0,0,0,0,0,0,0,0,0,0,0,0,1,0,1,0,0,0,0,0,0,0,0,0,0,0,0,0,0,0,0,0,0,0,0,0,0,0,0,0,0,0,0,0,1,1,0,0,1,0,0,1,1,0,0,0,0,0,0,0,0,1,0,1,0,1,0,0,0,1,0,0,0,0,0,0,0,0,0,0,0,0,1,0,0,0,0,0,1,0,0,0,0,0,0,0,0,0,0,0,0,0,0,0,1,0,0,0,0,0,0,0,0,1,0,0
"Slopers Pond","9/7/2010","9/7/2010","2010","Southington",41.5911,72.839,"CT","CAES","N","N",5.99,64688.701,1298.04,1.44,3,NA,0.8032,NA,NA,"Y",0.0042,0.0042,0.0042,0.0042,0,0,1,0,0,0,0,0,0,0,7,1,6,"SAV",0,0.00425,0,0,0,0,0,0,0,NA,NA,NA,NA,NA,NA,NA,NA,NA,NA,NA,NA,NA,NA,NA,NA,"",NA,NA,NA,NA,NA,NA,NA,1,11.5,NA,1,25.4,NA,NA,NA,NA,1,2.1,NA,"",0,0,0,0,0,0,0,0,0,1,0,0,0,0,0,0,0,0,1,0,0,0,0,0,0,0,0,0,0,0,0,0,0,0,0,0,0,0,0,0,0,0,0,0,0,0,0,0,0,0,0,0,0,0,0,0,0,0,1,0,0,0,0,0,0,0,0,0,0,0,0,0,0,0,0,1,0,0,0,1,0,0,0,0,0,0,0,0,0,0,0,0,1,0,0,0,0,0,0,0,0,0,0,0,0,0,0,0,0,0,0,0,0,0,0,0,0,0,0,0,0,0,0,0,0,0
"Sound Avenue Pond","combined","8/23/2013","comb","Riverhead",40.9677,72.6279,"NY","MJM","Y","N",0.24,2422.19,218.7,1.254,1,NA,1,NA,NA,"Y/N",0.5,0,1,0,0,0,0,0,0,0,0,0,0,1,1,1,0,"shift",0,0,0,0,0,0,0,0.5,0,4,0.45717,0.009178917,4,0.21996,0.01549,4,0.26755,0.01762612,4,0.03779,0.00586,4,0.02817,0.00894,NA,"0.5852",NA,4,6.5,0,4,54.975,0.275,1,5.5,NA,1,25,NA,NA,NA,NA,NA,NA,NA,"",0,0,0,0,0,0,0,0,0,0,0,0,0,0,0,0,0,0,0,0,0,0,0,0,0,0,0,0,0,0,0,0,0,0,0,0,0,0,0,0,0,0,0,0,0,0,0,0,0,0,0,0,0,0,0,0,0,0,0,0,0,0,0,0,0,0,0,0,0,0,0,0,0,0,0,0,0,0,0,0,0,0,0,0,0,0,0,0,0,0,0,0,0,0,0,0,0,0,0,0,0,0,0,0,0,0,0,0,0,0,0,0,0,0,0,0,0,0,0,0,0,0,0,0,0,0
"Spring Lake (2)","9/24/2009","9/24/2009","2009","Southington",41.1347,73.4222,"CT","CAES","N","N",3.08,30902.216,1232.62,1.978,1.3,NA,0.6023,NA,NA,"Y",0.0535,0.0535,0.0535,0.0535,0,0,1,0,0,0,0,1,0,0,6,2,4,"SAV",0,0.03164,0,0,0,0,0.02187,0,0,1,0.017,NA,NA,NA,NA,NA,NA,NA,NA,NA,NA,NA,NA,NA,NA,"",NA,1,9.2,NA,1,263,NA,1,15.2,NA,1,21.3,NA,1,165,NA,1,1.3,NA,"",0,0,0,0,1,0,0,0,0,0,0,0,0,0,0,0,0,0,0,0,0,0,0,0,0,0,0,0,0,0,0,0,0,0,0,0,0,0,0,0,0,0,0,0,0,0,0,0,0,0,0,0,0,0,0,0,0,0,1,0,0,0,0,0,0,0,0,0,0,0,0,0,0,0,0,0,0,0,0,1,0,0,0,0,0,0,0,0,0,0,0,0,1,0,0,0,0,0,0,0,0,0,0,0,0,0,0,0,0,0,0,0,0,0,0,0,0,0,0,0,0,0,0,0,0,0
"Stamler Pond","9/13/2013","9/13/2013","2013","Stony Creek",41.260265,72.748786,"CT","MJM","N","N",0.0309,309,67.2706,1.08,1,NA,0.3663,NA,NA,"Y",0.05,0.05,0.05,0.05,0,0,1,0,0,0,0,0,0,0,1,1,0,"SAV",NA,NA,NA,NA,NA,NA,NA,NA,NA,2,0.20642,0.038610826,NA,NA,NA,2,1.72125,0.118289888,NA,NA,NA,NA,NA,NA,NA,"8.3387",NA,NA,NA,NA,1,983,NA,NA,NA,NA,NA,NA,NA,NA,NA,NA,NA,NA,NA,"Qualitative estimate of FP cover; no data on FP species % composition",0,0,0,0,0,0,0,0,0,0,0,0,0,0,0,0,0,0,0,0,0,0,0,0,0,0,0,0,0,0,0,0,0,0,0,0,0,0,0,0,0,0,0,0,0,0,0,0,0,0,0,0,0,0,0,0,0,0,0,0,0,0,0,0,0,0,0,0,0,0,0,0,0,0,0,0,0,0,0,0,0,0,0,0,0,0,0,0,0,0,0,0,0,0,0,0,0,0,0,0,0,0,0,0,0,0,0,0,0,0,0,0,0,0,0,0,0,0,0,0,0,0,0,0,0,0
"Swan Pond (1)","combined","2/29/2012","comb","Calverton",40.9022,72.7932,"NY","MJM","Y","N",23.22,232242.69,2642.34,1.547,1.829,NA,1,NA,NA,"Y",0.0041,0.01,0.01,0.001,0,0,1,0,0,0,1,0,0,1,9,3,6,"SAV",0,0.00174,0.00047,0,0,0.00167,0,0.00165,0,4,0.01955,0.00077,3,0.02116,0.009234465,2,0.99171,0.729546326,3,0.05031,0.009911744,3,0.03394,0.021739452,NA,"13.4102",NA,3,6.33083,0.207797645,3,78.63333,5.987527546,2,7.575,0.25,2,26.2125,2.2375,NA,NA,NA,NA,NA,NA,"",0,0,1,1,0,0,0,0,0,0,0,0,0,0,0,0,0,0,0,0,0,0,0,0,0,0,0,0,0,0,0,0,0,0,0,0,0,0,0,0,0,0,0,0,0,0,0,0,0,0,0,0,0,0,0,0,0,0,0,0,0,0,1,0,0,0,0,0,0,0,0,0,0,0,0,0,0,0,0,0,1,0,0,0,0,0,0,0,0,0,0,0,0,0,0,0,0,0,1,0,0,0,0,0,0,0,0,0,0,0,0,0,1,0,0,0,0,0,0,0,0,0,0,0,0,0
"Swan Pond (2)","combined","3/12, 8/23","comb","East Patchogue",40.7699,72.9932,"NY","MJM","Y","N",4.39,43944.06,1500.87,2.02,2.134,NA,0.7627,NA,NA,"Y",0.0019,0.0038,0.0038,1e-04,0,0,1,0,1,0,1,0,0,1,4,4,0,"SAV",0,0.00047,0.00094,0,0,2e-05,0,0.00051,0,3,0.0222,0.0016,2,0.04287,0.006945112,4,1.4055,0.126007069,2,1.19183,0.35125364,2,0.02332,0.002782849,NA,"#DIV/0!",NA,2,7.0475,0.1725,2,175.56667,2.366666667,3,9.833333333,0.145296631,3,27.53333333,0.202758751,NA,NA,NA,NA,NA,NA,"",NA,NA,NA,NA,NA,NA,NA,NA,NA,NA,NA,NA,NA,NA,NA,NA,NA,NA,NA,NA,NA,NA,NA,NA,NA,NA,NA,NA,NA,NA,NA,NA,NA,NA,NA,NA,NA,NA,NA,NA,NA,NA,NA,NA,NA,NA,NA,NA,NA,NA,NA,NA,NA,NA,NA,NA,NA,NA,NA,NA,NA,NA,NA,NA,NA,NA,NA,NA,NA,NA,NA,NA,NA,NA,NA,NA,NA,NA,NA,NA,NA,NA,NA,NA,NA,NA,NA,NA,NA,NA,NA,NA,NA,NA,NA,NA,NA,NA,NA,NA,NA,NA,NA,NA,NA,NA,NA,NA,NA,NA,NA,NA,NA,NA,NA,NA,NA,NA,NA,NA,NA,NA,NA,NA,NA,NA
"Talmadges Ice Pond","7/7/2005","7/7/2005","2005","Branford",41.2674,72.789,"CT","CAES","N","N",0.45,4523.546,303.52,1.273,1,NA,0.9424,NA,NA,"Y",0.0797,0.0797,0.0797,0.0797,0,0,1,0,0,0,0,0,0,0,4,1,3,"SAV",0,0.0797,0,0,0,0,0,0,0,2,0.107,0.004,NA,NA,NA,NA,NA,NA,NA,NA,NA,NA,NA,NA,NA,"",NA,2,7.55,0.45,2,204.5,2.5,1,4.1,NA,1,23.4,NA,2,71.63,4.125,1,1,NA,"",0,0,1,0,0,0,0,0,0,0,0,0,0,0,0,0,0,0,0,0,0,0,0,0,0,1,0,0,0,0,0,0,0,0,0,0,0,0,0,0,0,0,0,0,0,0,0,0,0,0,0,0,0,0,0,0,0,0,0,0,0,0,0,0,0,0,0,0,0,0,0,0,0,0,0,0,0,0,0,1,0,0,0,0,0,0,0,0,0,0,0,0,0,0,0,0,0,0,0,0,0,0,0,0,0,0,0,0,0,0,0,0,0,0,0,0,0,0,0,0,0,0,0,0,0,0
"Talmage Pond","7/7/2006","7/7/2006","2006","Branford",41.2613,72.8375,"CT","CAES","N","N",1.21,12073.245,440.67,1.131,1,NA,0.9139,NA,NA,"Y",0.005,0.005,0.005,0.005,0,0,1,0,0,0,0,0,0,0,7,1,6,"SAV",0,0.005,0,0,0,0,0,0,0,2,0.065,0.002,NA,NA,NA,NA,NA,NA,NA,NA,NA,NA,NA,NA,NA,"",NA,2,5.75,0.05,2,52,0,1,2.5,NA,1,23.4,NA,2,10.15,0.35,NA,NA,NA,"",0,0,1,0,0,0,0,0,0,1,0,0,0,0,0,0,0,0,0,0,0,0,0,0,0,0,0,0,0,0,0,0,0,0,0,0,0,0,0,0,0,0,0,0,0,0,0,0,0,0,0,0,0,0,0,0,0,0,0,0,0,1,1,0,0,0,0,0,0,0,0,0,0,0,0,0,0,0,0,0,0,0,0,0,0,0,0,0,0,0,0,0,1,0,0,0,0,0,0,0,0,0,0,0,0,0,0,0,0,0,0,0,0,0,1,0,0,0,0,0,0,0,0,0,0,0
"Taunton Lake","combined","6/15/2010","comb","Newtown",41.41,73.3318,"CT","CAES","Y","N",50.18,501897.572,3729.97,1.485,10,7,0.7799,NA,NA,"Y",0.0031,0.0062,0.0062,0,0,0,0,0,0,0,1,0,0,0,10,1,9,"SAV",0,0,0,0,0,0.00622,0,0,0,2,0.1485,0.105,NA,NA,NA,NA,NA,NA,NA,NA,NA,NA,NA,NA,NA,"",NA,2,7.4,0.05,2,147.5,15.5,2,0.05065,0.04915,2,21.75,1.75,2,34.5,2.65,2,2,0.5,"",0,0,0,0,0,0,0,0,0,0,0,0,0,0,1,0,0,0,0,0,0,0,0,1,0,0,0,0,0,1,0,0,0,0,0,0,0,0,0,0,0,0,0,0,0,0,0,0,0,0,0,0,0,0,1,0,0,0,0,0,0,1,0,0,0,0,0,0,0,0,0,0,0,0,0,0,0,1,0,1,0,1,0,0,0,0,0,0,0,0,0,0,0,0,0,0,0,0,0,0,0,1,0,0,0,0,0,0,0,0,0,0,0,0,0,0,0,0,0,0,0,0,0,0,0,0
"Tilleys Pond","combined","7/13/2012","comb","Darien",41.0781,73.4721,"CT","CAES/MJM","Y","N",0.85,8642.899,444.3,1.348,0.8,NA,0.621,NA,NA,"Y",0.4356,0.0111,1,0.0111,0,0,1,0,0,0,1,0,0,1,4,3,1,"shift",0,0.16006,0,0,0,0.04551,0,0.16,0,3,0.1836,0.0871,NA,NA,NA,3,0.79442,0.07417,NA,NA,NA,NA,NA,NA,NA,"2.611",NA,3,7.9267,0.8933,3,239.4667,66.9384,2,2.633333333,2.233333333,2,26.08333333,2.083333333,1,42.75,NA,1,0.8,NA,"",0,0,0,0,0,0,0,0,0,0,0,0,0,0,0,0,0,0,0,0,0,0,0,1,0,0,0,0,0,0,0,0,0,0,0,0,0,0,0,0,0,0,0,0,0,0,0,0,0,0,0,0,0,0,0,0,0,0,0,0,0,0,0,0,0,0,0,0,0,0,0,0,0,0,0,0,0,0,0,0,0,0,0,0,0,0,0,0,0,0,0,0,0,0,0,0,0,0,0,0,0,0,0,0,0,0,0,0,0,0,0,0,0,0,0,0,0,0,0,0,0,0,0,0,0,0
"Town Mill Pond ","combined","7/13/2012","comb","Guilford",41.2912,72.6899,"CT","CAES/MJM","Y","Y",1.17,11332.391,553.98,1.468,2,NA,0.7861,NA,NA,"Y",0.0268,0.0472,0.0472,0.0064,0,0,1,0,0,0,1,0,0,1,13,3,10,"SAV",0,0.01177,0,0,0,0.015,0,2e-05,0,3,0.0374,0.0051,NA,NA,NA,3,1.14267,0.273,NA,NA,NA,NA,NA,NA,NA,"35.3871",NA,3,6.5267,0.5413,3,188.2056,36.4265,2,8.1,1.1,2,16.175,7.725,2,45.9,18.5,1,2,NA,"",0,0,0,0,0,0,0,0,0,1,0,0,0,0,0,0,0,0,0,0,0,0,0,1,0,0,0,0,0,0,0,0,0,0,0,0,0,0,0,0,0,0,0,0,0,0,0,0,0,0,0,0,0,0,0,0,0,0,0,0,0,1,1,0,0,0,0,0,1,0,0,0,0,1,0,1,0,0,0,0,0,0,0,0,0,0,0,0,0,0,0,0,0,0,0,1,0,0,0,0,0,0,0,0,1,0,0,0,0,1,0,0,0,0,0,0,0,0,0,0,0,0,0,0,0,0
"Twin Lake, North","combined","combined","comb","Simsbury",41.82,72.8227,"CT","CAES","Y","N",5.42,53965.87,1907.28,2.316,2,NA,0.1017,NA,NA,"Y",0.0714,0.1013,0.1013,0.0416,0,0,0,0,0,0,1,0,0,0,16,1,15,"SAV",0,0,0,0,0,0.07145,0,0,0,2,0.0421,0.0264,NA,NA,NA,NA,NA,NA,NA,NA,NA,NA,NA,NA,NA,"",NA,2,7.1,0.45,2,250.75,44.25,2,7.9,1.2,2,26.45,0.85,2,46.5,11.625,2,1.5,0,"",0,0,0,0,0,0,0,0,0,1,0,0,0,0,1,0,0,0,1,0,0,0,0,1,0,0,0,0,0,0,0,0,0,0,0,0,0,0,0,1,0,0,0,0,0,0,0,0,0,0,0,0,0,0,1,1,0,0,1,0,0,0,0,0,0,0,0,0,0,0,0,0,0,1,0,0,0,1,0,1,0,0,0,0,0,0,0,0,0,0,1,0,1,0,0,0,0,0,0,0,0,1,0,0,0,0,0,1,0,0,0,0,0,0,0,0,0,0,0,0,0,0,0,0,0,0
"Twin Lake, South","7/5/2012","7/5/2012","2012","Simsbury",41.8176,72.8234,"CT","CAES","N","N",6.6,67394.28,1101.4,1.197,3.5,NA,0.809,NA,NA,"Y",0.0401,0.0401,0.0401,0.0401,0,0,0,0,0,0,1,0,0,0,10,1,9,"SAV",0,0,0,0,0,0.04011,0,0,0,2,0.0218,0.0024,NA,NA,NA,NA,NA,NA,NA,NA,NA,NA,NA,NA,NA,"",NA,2,7.5,0.5,2,313.5,18.5,1,9.5,NA,1,26.5,NA,2,62.25,3,1,2,NA,"",0,0,1,0,0,0,0,0,0,1,0,0,0,0,0,0,0,0,0,0,0,0,0,1,0,0,0,0,0,0,0,0,0,0,0,0,0,0,0,0,0,0,0,0,0,0,0,0,0,0,0,0,0,0,1,1,0,0,0,0,0,0,0,0,0,0,0,0,1,0,0,0,0,1,0,0,0,0,0,1,0,0,0,0,0,0,0,0,0,0,1,0,0,0,0,0,0,0,0,0,0,0,0,0,0,0,0,0,0,0,0,0,0,0,0,0,0,0,0,0,0,0,0,0,0,0
"Twin Lakes Golf Course Pond","9/13/2013","9/13/2013","2013","North  Branford ",41.316418,72.781731,"CT","MJM","N","N",0.1743,1743,216.9,1.466,1,NA,0.798,NA,NA,"Y",1,1,1,1,0,0,0,0,0,0,0,0,0,1,1,1,0,"FP",0,0,0,0,0,0,0,1,0,1,0.02877,NA,NA,NA,NA,1,0.4956,NA,NA,NA,NA,NA,NA,NA,NA,"17.2282",NA,NA,NA,NA,1,252,NA,NA,NA,NA,NA,NA,NA,NA,NA,NA,NA,NA,NA,"Qualitative estimate of FP cover; no data on FP species % composition",NA,NA,NA,NA,NA,NA,NA,NA,NA,NA,NA,NA,NA,NA,NA,NA,NA,NA,NA,NA,NA,NA,NA,NA,NA,NA,NA,NA,NA,NA,NA,NA,NA,NA,NA,NA,NA,NA,NA,NA,NA,NA,NA,NA,NA,NA,NA,NA,NA,NA,NA,NA,NA,NA,NA,NA,NA,NA,NA,NA,NA,NA,NA,NA,NA,NA,NA,NA,NA,NA,NA,NA,NA,NA,NA,NA,NA,NA,NA,NA,NA,NA,NA,NA,NA,NA,NA,NA,NA,NA,NA,NA,NA,NA,NA,NA,NA,NA,NA,NA,NA,NA,NA,NA,NA,NA,NA,NA,NA,NA,NA,NA,NA,NA,NA,NA,NA,NA,NA,NA,NA,NA,NA,NA,NA,NA
"Ulbrich Reservoir","7/18/2005","7/18/2005","2005","Wallingford",41.4467,72.7441,"CT","CAES","N","N",62.32,622080.487,4931.41,1.764,7,NA,0.7601,NA,NA,"Y",4e-04,4e-04,4e-04,4e-04,0,0,1,0,0,0,0,0,0,0,8,1,7,"SAV",0,0.00037,0,0,0,0,0,0,0,2,0.0285,0.0255,NA,NA,NA,NA,NA,NA,NA,NA,NA,NA,NA,NA,NA,"",NA,2,7.4,1,2,136,15,1,8.2,NA,1,25.9,NA,2,61.5,7.5,1,2.6,NA,"",0,0,0,0,0,0,0,0,0,1,0,0,0,0,0,0,0,0,0,0,0,0,0,0,0,0,0,0,0,0,0,0,0,0,0,0,0,0,0,0,0,0,1,0,0,0,0,0,0,0,0,0,0,0,1,1,0,0,0,0,0,0,0,0,0,0,0,0,0,0,0,1,0,0,0,0,0,1,0,0,0,0,0,0,0,0,0,0,0,0,0,0,1,0,0,0,0,0,0,0,0,0,0,0,0,0,0,0,0,0,0,0,0,0,0,0,0,0,0,0,0,0,0,0,0,0
"Upper Moodus Reservoir","7/16/2012","7/16/2012","2012","East Haddam",41.504,72.407,"CT","CAES","N","N",178.06,1780616.82,11613.47,2.82,3,NA,0.6213,NA,NA,"Y",0.0022,0.0022,0.0022,0.0022,0,0,1,0,0,0,0,1,0,0,36,2,34,"SAV",0,0,0,0,0,0,0,0,0,2,0.0697,0.0124,NA,NA,NA,NA,NA,NA,NA,NA,NA,NA,NA,NA,NA,"",NA,2,6.55,0.25,2,55,0,1,8.8,NA,1,28.9,NA,2,9.375,0.375,1,1.5,NA,"",1,0,1,1,1,0,0,0,0,1,1,0,0,0,0,0,1,0,1,0,0,0,0,1,1,0,0,1,0,1,0,0,0,0,0,0,0,0,0,1,0,0,0,0,0,0,0,0,0,1,0,0,0,0,0,1,0,0,0,0,0,1,1,0,0,0,0,0,0,0,0,0,0,1,0,1,0,1,0,1,1,0,0,1,0,0,0,0,0,0,0,1,1,0,0,1,0,0,0,0,0,1,0,0,0,1,0,0,0,0,0,0,0,0,1,0,1,0,1,1,1,0,0,1,0,0
"Upper Yaphank Lake","combined","2/29/2012","comb","Yaphank",40.8434,72.937,"NY","MJM","Y","N",7.4,73966.07,2087.24,2.165,1.829,NA,0.8628,NA,NA,"Y",0.0015,0.0029,0.0029,1e-04,0,0,1,0,0,0,1,0,0,0,2,2,0,"SAV",0,1e-05,0,0,0,1e-05,0,0,0,4,0.01829,0.00059,2,0.03743,0.01537408,4,0.84712,0.16994,2,0.673,0.261270837,2,0.07077,0.030459159,NA,"46.3058",NA,2,7.02125,0.14625,2,153.0125,9.3625,4,8.025,0.332603367,4,26.9,0.441588043,NA,NA,NA,NA,NA,NA,"",NA,NA,NA,NA,NA,NA,NA,NA,NA,NA,NA,NA,NA,NA,NA,NA,NA,NA,NA,NA,NA,NA,NA,NA,NA,NA,NA,NA,NA,NA,NA,NA,NA,NA,NA,NA,NA,NA,NA,NA,NA,NA,NA,NA,NA,NA,NA,NA,NA,NA,NA,NA,NA,NA,NA,NA,NA,NA,NA,NA,NA,NA,NA,NA,NA,NA,NA,NA,NA,NA,NA,NA,NA,NA,NA,NA,NA,NA,NA,NA,NA,NA,NA,NA,NA,NA,NA,NA,NA,NA,NA,NA,NA,NA,NA,NA,NA,NA,NA,NA,NA,NA,NA,NA,NA,NA,NA,NA,NA,NA,NA,NA,NA,NA,NA,NA,NA,NA,NA,NA,NA,NA,NA,NA,NA,NA
"Wah Wah Taysee Pond","9/21/2009","9/21/2009","2009","North Haven",41.4169,72.8846,"CT","CAES","N","N",0.57,5338.45,297.87,1.15,2,NA,1,NA,NA,"Y",0.0153,0.0153,0.0153,0.0153,0,0,1,0,0,0,0,0,0,0,5,1,4,"SAV",0,0.01532,0,0,0,0,0,0,0,2,0.028,0.009,NA,NA,NA,NA,NA,NA,NA,NA,NA,NA,NA,NA,NA,"",NA,2,7.15,0.05,2,132,20,1,9.6,NA,1,20.4,NA,2,93.05,8.25,1,2,NA,"",0,0,0,0,0,0,0,0,0,0,0,0,0,0,0,0,0,0,1,0,0,0,0,1,0,0,0,0,0,0,0,0,0,0,0,0,0,0,0,0,0,0,0,0,0,0,0,0,0,0,0,0,0,0,0,0,0,0,0,0,0,0,0,0,0,0,0,0,0,0,0,0,0,1,0,0,0,0,0,0,0,0,0,0,0,0,0,0,0,0,0,0,1,0,0,0,0,0,0,0,0,0,0,0,0,0,0,0,0,0,0,0,0,0,0,0,0,0,0,0,0,0,0,0,0,0
"Wampum Hill Pond","9/9/2005","9/9/2005","2005","Wilton",41.2299,73.4135,"CT","CAES","N","N",0.16,1735.12,159.39,1.079,1.5,NA,1,NA,NA,"Y",0.8822,1,1,0.7644,0,0,1,0,0,0,1,0,0,1,9,3,6,"FP",0,0.20194,0,0,0,0.28121,0,0.28121,0,2,0.178,0.03,NA,NA,NA,NA,NA,NA,NA,NA,NA,NA,NA,NA,NA,"",NA,2,5.85,0.05,2,152.5,35.5,1,1.2,NA,1,18.3,NA,2,37.88,16.875,1,0.7,NA,"",0,0,0,0,0,0,0,0,0,1,0,0,0,0,0,0,0,0,0,0,0,0,0,0,0,0,0,0,0,0,0,0,0,0,0,0,0,0,0,0,0,0,1,0,0,0,0,0,0,0,0,0,0,0,0,1,0,0,0,0,0,1,0,0,0,0,0,0,0,0,0,0,0,0,0,0,0,0,0,0,0,0,0,0,0,0,0,0,0,0,0,0,1,0,0,0,0,0,1,0,0,0,0,0,0,0,0,0,0,0,0,0,0,0,0,0,0,0,0,0,0,0,0,0,0,0
"Waubeeka Lake","9/28/2005","9/28/2005","2005","Danbury",41.3499,73.4593,"CT","CAES","N","N",14.45,143700.6,2497.47,1.859,2.5,NA,0.8354,NA,NA,"Y",8e-04,8e-04,8e-04,8e-04,0,0,1,0,0,0,0,0,0,0,13,1,12,"SAV",0,0.00081,0,0,0,0,0,0,0,2,0.013,0.003,NA,NA,NA,NA,NA,NA,NA,NA,NA,NA,NA,NA,NA,"",NA,2,7.25,0.15,2,199,1,1,7,NA,1,21.2,NA,2,48,0,1,2.4,NA,"",0,0,1,0,0,0,0,0,0,1,0,0,0,0,0,0,0,0,0,1,0,0,1,0,0,0,0,0,0,0,0,0,0,0,0,0,0,0,0,0,0,0,0,0,0,0,0,0,0,0,0,0,0,0,1,0,0,0,1,0,0,1,1,0,0,0,0,0,0,0,0,0,0,0,0,1,0,0,0,1,0,0,0,0,0,0,0,0,0,0,0,0,0,0,0,0,0,0,0,0,0,0,0,0,0,0,0,0,0,0,0,0,0,0,1,0,0,0,0,0,0,0,0,0,0,1
"West Pond Road Pond","9/13/2013","9/13/2013","2013","North  Branford ",41.333973,72.7438,"CT","MJM","N","N",0.0281,281,69.7,1.173,1,NA,1,NA,NA,"Y",1,1,1,1,0,0,1,0,0,0,0,0,0,0,1,1,0,"FP",NA,NA,NA,NA,NA,NA,NA,NA,NA,1,0.07824,NA,NA,NA,NA,1,0.83661,NA,NA,NA,NA,NA,NA,NA,NA,"10.6927",NA,NA,NA,NA,1,156,NA,NA,NA,NA,NA,NA,NA,NA,NA,NA,NA,NA,NA,"Qualitative estimate of FP cover; no data on FP species % composition",NA,NA,NA,NA,NA,NA,NA,NA,NA,NA,NA,NA,NA,NA,NA,NA,NA,NA,NA,NA,NA,NA,NA,NA,NA,NA,NA,NA,NA,NA,NA,NA,NA,NA,NA,NA,NA,NA,NA,NA,NA,NA,NA,NA,NA,NA,NA,NA,NA,NA,NA,NA,NA,NA,NA,NA,NA,NA,NA,NA,NA,NA,NA,NA,NA,NA,NA,NA,NA,NA,NA,NA,NA,NA,NA,NA,NA,NA,NA,NA,NA,NA,NA,NA,NA,NA,NA,NA,NA,NA,NA,NA,NA,NA,NA,NA,NA,NA,NA,NA,NA,NA,NA,NA,NA,NA,NA,NA,NA,NA,NA,NA,NA,NA,NA,NA,NA,NA,NA,NA,NA,NA,NA,NA,NA,NA
"Williams Brook (Highland Lake) ","9/2/2005","9/2/2005","2005","Ledyard",41.4382,71.9696,"CT","CAES","N","N",3.2,32053.527,863.08,1.36,2,NA,0.6775,NA,NA,"Y",9e-04,9e-04,9e-04,9e-04,0,0,1,0,0,0,0,0,0,0,10,1,9,"SAV",0,0.00089,0,0,0,0,0,0,0,2,0.074,0.003,NA,NA,NA,NA,NA,NA,NA,NA,NA,NA,NA,NA,NA,"",NA,2,6,0.1,2,97.5,0.5,1,5.6,NA,1,25.9,NA,2,13.5,1.5,1,1.5,NA,"",0,0,1,0,0,0,0,0,0,0,0,0,0,0,0,0,0,0,0,1,0,0,0,0,0,0,0,0,0,0,0,0,0,0,0,0,0,0,0,0,0,0,0,0,0,0,0,0,0,0,0,0,0,0,0,1,0,0,0,0,0,1,1,0,0,0,0,0,0,0,0,0,0,1,0,0,0,1,0,0,1,0,0,0,0,0,0,0,0,0,0,1,0,0,0,0,0,0,0,0,0,0,0,0,0,0,0,0,0,0,0,0,0,0,0,0,0,0,0,0,0,0,0,0,0,0
"Young's Pond","combined","7/13, 9/13","comb","Branford",41.2703,72.776,"CT","CAES/MJM","Y","N",1.7,16837.682,672.04,1.461,1,NA,0.8691,NA,NA,"Y",0.5942,0.15,1,0.15,0,0,1,0,0,0,1,0,0,1,8,3,5,"shift",0,0.12962,0,0,0,0.39795,0,0.22646,0,4,0.0683,0.0159,NA,NA,NA,2,0.69737,0.142542093,NA,NA,NA,NA,NA,NA,NA,"13.7212",NA,3,7.09,0.44,3,199.83,12.01,2,3.45,1.85,2,23.97,0.77,2,73.9,36.5,1,0.3,NA,"",0,0,0,1,0,0,0,0,0,1,0,0,0,0,0,0,0,0,0,0,0,0,0,0,0,0,0,0,0,0,0,0,0,0,0,0,0,0,0,0,0,0,0,0,0,0,0,0,0,0,0,0,0,0,0,0,0,0,0,0,0,0,1,0,0,0,0,0,0,0,0,0,0,0,0,0,0,0,0,0,0,0,0,0,0,0,0,0,0,0,0,1,0,0,0,0,0,0,0,0,0,0,0,0,0,0,0,0,0,0,0,0,0,0,1,0,0,0,0,0,0,0,0,0,0,0
